datetime,out_humidity,out_temperature,in_dht11_humidity,in_dht11_temperature,in_dht22_humidity,in_dht22_temperature
2015-06-03T00:00:00,73.9,14.8,33.0,18.0,66.7,20.3
2015-06-03T00:01:00,73.7,14.9,33.0,18.0,66.6,20.3
2015-06-03T00:02:00,73.5,14.9,33.0,18.0,66.6,20.3
2015-06-03T00:03:00,73.3,15.0,33.0,18.0,66.6,20.2
2015-06-03T00:04:00,73.3,15.0,33.0,18.0,66.9,20.2
2015-06-03T00:05:00,73.2,15.0,33.0,18.0,66.8,20.2
2015-06-03T00:06:00,73.0,15.0,33.0,18.0,66.7,20.2
2015-06-03T00:07:00,72.9,15.0,33.0,18.0,66.9,20.1
2015-06-03T00:08:00,72.9,15.0,33.0,18.0,67.1,20.1
2015-06-03T00:09:00,73.0,14.9,33.0,18.0,67.1,20.1
2015-06-03T00:10:00,73.1,14.8,33.0,18.0,67.2,20.1
2015-06-03T00:11:00,73.5,14.8,33.0,18.0,67.2,20.1
2015-06-03T00:12:00,73.5,14.9,33.0,18.0,66.7,20.2
2015-06-03T00:13:00,73.5,14.9,33.0,18.0,67.0,20.1
2015-06-03T00:14:00,73.5,14.9,33.0,18.0,67.0,20.1
2015-06-03T00:15:00,73.3,14.9,33.0,18.0,67.0,20.1
2015-06-03T00:16:00,73.3,14.9,33.0,18.0,66.9,20.1
2015-06-03T00:17:00,73.3,14.9,33.0,18.0,67.1,20.1
2015-06-03T00:18:00,73.2,14.9,33.0,18.0,67.1,20.0
2015-06-03T00:19:00,73.1,14.9,33.0,18.0,67.2,20.0
2015-06-03T00:20:00,73.1,14.9,33.0,18.0,67.4,20.1
2015-06-03T00:21:00,73.0,14.9,33.0,18.0,67.2,20.1
2015-06-03T00:22:00,73.5,14.9,33.0,18.0,67.1,20.1
2015-06-03T00:23:00,73.2,14.8,33.0,18.0,67.2,20.1
2015-06-03T00:24:00,73.1,14.9,33.0,18.0,67.0,20.1
2015-06-03T00:25:00,73.1,14.9,33.0,18.0,67.1,20.1
2015-06-03T00:26:00,73.2,14.9,33.0,18.0,67.0,20.1
2015-06-03T00:27:00,73.1,14.8,33.0,18.0,67.1,20.0
2015-06-03T00:28:00,73.1,14.9,33.0,18.0,67.0,20.0
2015-06-03T00:29:00,73.0,14.9,33.0,18.0,67.1,20.0
2015-06-03T00:30:00,73.0,14.9,33.0,18.0,67.4,20.0
2015-06-03T00:31:00,72.8,14.9,33.0,18.0,67.2,20.0
2015-06-03T00:32:00,72.8,14.9,33.0,18.0,67.1,20.0
2015-06-03T00:33:00,72.7,14.8,33.0,18.0,67.1,20.1
2015-06-03T00:34:00,73.0,14.8,33.0,18.0,67.1,20.1
2015-06-03T00:35:00,73.4,14.8,33.0,18.0,67.1,20.1
2015-06-03T00:36:00,73.5,14.7,33.0,18.0,67.0,20.1
2015-06-03T00:37:00,73.3,14.7,33.0,18.0,66.9,20.0
2015-06-03T00:38:00,73.6,14.6,33.0,18.0,67.0,20.0
2015-06-03T00:39:00,74.1,14.6,33.0,18.0,67.2,20.0
2015-06-03T00:40:00,74.3,14.5,33.0,18.0,67.3,20.0
2015-06-03T00:41:00,74.1,14.6,33.0,18.0,67.4,20.0
2015-06-03T00:42:00,74.0,14.6,33.0,18.0,67.2,20.0
2015-06-03T00:43:00,74.1,14.6,33.0,18.0,67.0,20.0
2015-06-03T00:44:00,74.3,14.6,33.0,18.0,67.1,20.1
2015-06-03T00:45:00,74.3,14.5,33.0,18.0,67.1,20.1
2015-06-03T00:46:00,74.5,14.5,33.0,18.0,67.2,20.0
2015-06-03T00:47:00,74.4,14.5,33.0,18.0,67.1,20.0
2015-06-03T00:48:00,74.3,14.6,33.0,18.0,67.1,20.0
2015-06-03T00:49:00,74.3,14.5,33.0,18.0,67.2,19.9
2015-06-03T00:50:00,74.1,14.6,33.0,18.0,67.4,19.9
2015-06-03T00:51:00,74.1,14.5,33.0,18.0,67.3,19.9
2015-06-03T00:52:00,74.2,14.5,33.0,18.0,67.5,20.0
2015-06-03T00:53:00,74.1,14.6,33.0,18.0,67.2,20.0
2015-06-03T00:54:00,74.1,14.5,33.0,18.0,67.2,20.0
2015-06-03T00:55:00,73.9,14.6,33.0,18.0,67.1,20.1
2015-06-03T00:56:00,73.6,14.6,33.0,18.0,66.9,20.0
2015-06-03T00:57:00,73.5,14.6,33.0,18.0,67.1,20.0
2015-06-03T00:58:00,73.5,14.6,33.0,18.0,67.0,20.0
2015-06-03T00:59:00,73.5,14.6,33.0,18.0,67.1,20.0
2015-06-03T01:00:00,73.5,14.7,33.0,18.0,66.9,20.0
2015-06-03T01:01:00,73.4,14.7,33.0,18.0,67.3,19.9
2015-06-03T01:02:00,73.2,14.7,33.0,18.0,67.3,19.9
2015-06-03T01:03:00,73.7,14.6,33.0,18.0,67.2,20.0
2015-06-03T01:04:00,73.7,14.6,33.0,18.0,67.1,20.0
2015-06-03T01:05:00,73.7,14.6,33.0,18.0,66.9,20.0
2015-06-03T01:06:00,73.7,14.6,33.0,18.0,67.0,20.0
2015-06-03T01:07:00,73.9,14.5,33.0,18.0,66.8,20.0
2015-06-03T01:08:00,74.0,14.5,33.0,18.0,66.9,20.0
2015-06-03T01:09:00,73.7,14.5,33.0,18.0,67.1,19.9
2015-06-03T01:10:00,73.8,14.5,33.0,18.0,67.2,19.9
2015-06-03T01:11:00,73.7,14.5,33.0,18.0,67.2,19.9
2015-06-03T01:12:00,73.6,14.6,33.0,18.0,67.2,19.9
2015-06-03T01:13:00,73.6,14.6,33.0,18.0,67.2,19.9
2015-06-03T01:14:00,73.5,14.6,33.0,18.0,66.9,20.0
2015-06-03T01:15:00,73.6,14.6,33.0,18.0,66.9,20.1
2015-06-03T01:16:00,73.6,14.6,33.0,18.0,66.9,20.1
2015-06-03T01:17:00,73.7,14.6,33.0,18.0,66.7,20.1
2015-06-03T01:18:00,73.5,14.6,33.0,18.0,66.7,20.1
2015-06-03T01:19:00,73.8,14.5,33.0,18.0,66.7,20.1
2015-06-03T01:20:00,74.2,14.5,33.0,18.0,66.9,20.1
2015-06-03T01:21:00,74.5,14.5,33.0,18.0,66.8,20.1
2015-06-03T01:22:00,74.5,14.5,33.0,18.0,66.8,20.0
2015-06-03T01:23:00,74.4,14.6,33.0,18.0,66.8,20.0
2015-06-03T01:24:00,74.5,14.6,33.0,18.0,66.9,20.1
2015-06-03T01:25:00,74.7,14.5,33.0,18.0,66.8,20.1
2015-06-03T01:26:00,74.7,14.5,33.0,18.0,66.8,20.1
2015-06-03T01:27:00,74.8,14.6,33.0,18.0,66.7,20.1
2015-06-03T01:28:00,74.8,14.5,33.0,18.0,66.6,20.1
2015-06-03T01:29:00,74.8,14.5,33.0,18.0,66.5,20.1
2015-06-03T01:30:00,74.8,14.6,33.0,18.0,66.4,20.0
2015-06-03T01:31:00,74.9,14.6,33.0,18.0,66.7,20.0
2015-06-03T01:32:00,74.9,14.6,33.0,18.0,66.8,20.0
2015-06-03T01:33:00,74.9,14.5,33.0,18.0,67.0,20.0
2015-06-03T01:34:00,74.9,14.5,33.0,18.0,67.1,20.0
2015-06-03T01:35:00,74.9,14.5,33.0,18.0,66.9,20.0
2015-06-03T01:36:00,75.0,14.5,33.0,18.0,66.8,20.0
2015-06-03T01:37:00,74.8,14.5,33.0,18.0,66.5,20.0
2015-06-03T01:38:00,74.8,14.6,33.0,18.0,66.5,20.0
2015-06-03T01:39:00,74.9,14.5,33.0,18.0,66.8,20.0
2015-06-03T01:40:00,75.0,14.5,33.0,18.0,66.8,20.0
2015-06-03T01:41:00,74.9,14.5,33.0,18.0,66.7,19.9
2015-06-03T01:42:00,75.1,14.5,33.0,18.0,66.8,19.9
2015-06-03T01:43:00,75.4,14.4,33.0,18.0,67.0,19.9
2015-06-03T01:44:00,75.4,14.4,33.0,18.0,67.1,19.9
2015-06-03T01:45:00,75.3,14.4,33.0,18.0,67.0,19.8
2015-06-03T01:46:00,75.4,14.4,33.0,18.0,67.1,19.9
2015-06-03T01:47:00,75.4,14.3,33.0,18.0,66.9,19.9
2015-06-03T01:48:00,75.3,14.4,33.0,18.0,66.9,19.9
2015-06-03T01:49:00,75.2,14.4,33.0,18.0,67.0,19.9
2015-06-03T01:50:00,75.5,14.3,33.0,18.0,67.2,19.9
2015-06-03T01:51:00,75.6,14.3,33.0,18.0,67.0,19.9
2015-06-03T01:52:00,75.5,14.3,33.0,18.0,66.8,19.8
2015-06-03T01:53:00,75.8,14.2,33.0,18.0,67.0,19.8
2015-06-03T01:54:00,76.0,14.2,33.0,18.0,67.2,19.8
2015-06-03T01:55:00,76.1,14.2,33.0,18.0,67.4,19.8
2015-06-03T01:56:00,76.8,14.1,33.0,18.0,67.3,19.8
2015-06-03T01:57:00,76.7,14.1,33.0,18.0,67.4,19.8
2015-06-03T01:58:00,76.4,14.2,33.0,18.0,67.2,19.9
2015-06-03T01:59:00,76.5,14.2,33.0,18.0,67.2,19.8
2015-06-03T02:00:00,76.2,14.2,33.0,18.0,67.2,19.9
2015-06-03T02:01:00,76.0,14.2,33.0,18.0,67.1,19.8
2015-06-03T02:02:00,75.8,14.3,33.0,18.0,67.1,19.8
2015-06-03T02:03:00,75.8,14.3,33.0,18.0,67.2,19.8
2015-06-03T02:04:00,76.0,14.3,33.0,18.0,67.2,19.8
2015-06-03T02:05:00,76.0,14.2,33.0,18.0,67.3,19.7
2015-06-03T02:06:00,76.3,14.2,33.0,18.0,67.3,19.7
2015-06-03T02:07:00,76.6,14.2,33.0,18.0,67.4,19.7
2015-06-03T02:08:00,76.6,14.2,33.0,18.0,67.1,19.8
2015-06-03T02:09:00,76.6,14.2,33.0,18.0,67.3,19.9
2015-06-03T02:10:00,76.6,14.2,33.0,18.0,67.2,19.9
2015-06-03T02:11:00,76.7,14.2,33.0,18.0,67.2,19.8
2015-06-03T02:12:00,76.6,14.2,33.0,18.0,67.3,19.8
2015-06-03T02:13:00,77.1,14.1,33.0,18.0,67.3,19.8
2015-06-03T02:14:00,76.8,14.1,33.0,18.0,67.1,19.8
2015-06-03T02:15:00,77.0,14.1,33.0,18.0,67.3,19.7
2015-06-03T02:16:00,77.6,14.0,33.0,18.0,67.5,19.7
2015-06-03T02:17:00,78.2,13.9,33.0,18.0,67.4,19.7
2015-06-03T02:18:00,78.4,13.9,33.0,18.0,67.3,19.7
2015-06-03T02:19:00,78.8,13.8,33.0,18.0,67.0,19.7
2015-06-03T02:20:00,79.9,13.6,33.0,18.0,67.3,19.7
2015-06-03T02:21:00,79.2,13.7,33.0,18.0,67.5,19.7
2015-06-03T02:22:00,78.7,13.8,33.0,18.0,67.3,19.7
2015-06-03T02:23:00,78.4,13.9,33.0,18.0,67.5,19.7
2015-06-03T02:24:00,78.4,13.9,33.0,18.0,67.4,19.6
2015-06-03T02:25:00,78.3,13.9,33.0,18.0,67.5,19.6
2015-06-03T02:26:00,78.4,13.9,33.0,18.0,67.6,19.6
2015-06-03T02:27:00,78.3,13.9,33.0,18.0,67.7,19.6
2015-06-03T02:28:00,78.3,13.9,33.0,18.0,67.5,19.6
2015-06-03T02:29:00,78.1,13.9,33.0,18.0,67.6,19.7
2015-06-03T02:30:00,78.3,13.9,33.0,18.0,67.6,19.7
2015-06-03T02:31:00,78.4,13.9,33.0,18.0,67.5,19.7
2015-06-03T02:32:00,78.4,13.9,33.0,18.0,67.4,19.7
2015-06-03T02:33:00,78.0,13.9,33.0,18.0,67.5,19.7
2015-06-03T02:34:00,77.7,14.0,33.0,18.0,67.3,19.6
2015-06-03T02:35:00,78.0,13.9,33.0,18.0,67.6,19.6
2015-06-03T02:36:00,78.4,13.9,33.0,18.0,67.6,19.6
2015-06-03T02:37:00,78.2,13.9,33.0,18.0,67.5,19.6
2015-06-03T02:38:00,78.0,13.9,33.0,18.0,67.8,19.6
2015-06-03T02:39:00,78.2,13.9,33.0,18.0,67.5,19.6
2015-06-03T02:40:00,78.5,13.9,33.0,18.0,67.6,19.7
2015-06-03T02:41:00,78.6,13.8,33.0,18.0,67.4,19.7
2015-06-03T02:42:00,78.5,13.9,33.0,18.0,67.4,19.7
2015-06-03T02:43:00,78.6,13.8,33.0,18.0,67.3,19.7
2015-06-03T02:44:00,78.8,13.8,33.0,18.0,67.2,19.8
2015-06-03T02:45:00,78.9,13.7,33.0,18.0,67.1,19.7
2015-06-03T02:46:00,79.8,13.6,33.0,18.0,67.2,19.7
2015-06-03T02:47:00,79.9,13.6,33.0,18.0,67.3,19.7
2015-06-03T02:48:00,79.8,13.6,33.0,18.0,67.3,19.6
2015-06-03T02:49:00,80.1,13.5,33.0,18.0,67.5,19.7
2015-06-03T02:50:00,80.2,13.5,33.0,18.0,67.5,19.7
2015-06-03T02:51:00,79.9,13.6,33.0,18.0,67.4,19.7
2015-06-03T02:52:00,80.5,13.5,33.0,18.0,67.2,19.8
2015-06-03T02:53:00,80.3,13.5,33.0,18.0,67.1,19.7
2015-06-03T02:54:00,79.8,13.6,33.0,18.0,67.2,19.7
2015-06-03T02:55:00,79.9,13.6,33.0,18.0,67.2,19.7
2015-06-03T02:56:00,79.7,13.6,33.0,18.0,67.3,19.7
2015-06-03T02:57:00,79.4,13.7,33.0,18.0,67.5,19.7
2015-06-03T02:58:00,79.4,13.6,33.0,18.0,67.3,19.6
2015-06-03T02:59:00,79.3,13.7,33.0,18.0,67.5,19.6
2015-06-03T03:00:00,79.3,13.7,33.0,18.0,67.6,19.6
2015-06-03T03:01:00,79.4,13.6,33.0,18.0,67.7,19.6
2015-06-03T03:02:00,80.0,13.6,33.0,18.0,67.6,19.6
2015-06-03T03:03:00,80.0,13.5,33.0,18.0,67.5,19.6
2015-06-03T03:04:00,80.6,13.5,33.0,18.0,67.6,19.6
2015-06-03T03:05:00,80.4,13.4,33.0,18.0,67.6,19.6
2015-06-03T03:06:00,80.5,13.4,33.0,18.0,67.7,19.6
2015-06-03T03:07:00,80.2,13.5,33.0,18.0,67.9,19.5
2015-06-03T03:08:00,79.9,13.5,33.0,18.0,68.0,19.5
2015-06-03T03:09:00,79.9,13.6,33.0,18.0,67.9,19.5
2015-06-03T03:10:00,79.3,13.6,33.0,18.0,68.0,19.5
2015-06-03T03:11:00,79.2,13.6,33.0,18.0,67.9,19.5
2015-06-03T03:12:00,79.2,13.7,33.0,18.0,67.7,19.6
2015-06-03T03:13:00,79.5,13.7,33.0,18.0,67.6,19.6
2015-06-03T03:14:00,78.9,13.7,33.0,18.0,67.4,19.6
2015-06-03T03:15:00,78.7,13.7,33.0,18.0,67.4,19.6
2015-06-03T03:16:00,78.7,13.8,33.0,18.0,67.4,19.6
2015-06-03T03:17:00,78.8,13.6,33.0,18.0,67.6,19.6
2015-06-03T03:18:00,78.8,13.6,33.0,18.0,67.6,19.5
2015-06-03T03:19:00,78.7,13.7,33.0,18.0,67.7,19.5
2015-06-03T03:20:00,78.6,13.7,33.0,18.0,67.7,19.5
2015-06-03T03:21:00,78.7,13.7,33.0,18.0,67.9,19.5
2015-06-03T03:22:00,78.6,13.7,33.0,18.0,67.8,19.5
2015-06-03T03:23:00,78.4,13.7,33.0,18.0,67.7,19.6
2015-06-03T03:24:00,78.6,13.7,33.0,18.0,67.4,19.6
2015-06-03T03:25:00,78.6,13.7,33.0,18.0,67.5,19.6
2015-06-03T03:26:00,78.6,13.7,33.0,18.0,67.6,19.6
2015-06-03T03:27:00,78.4,13.7,33.0,18.0,67.5,19.6
2015-06-03T03:28:00,78.2,13.8,33.0,18.0,67.6,19.6
2015-06-03T03:29:00,78.3,13.8,33.0,18.0,67.8,19.5
2015-06-03T03:30:00,78.0,13.8,33.0,18.0,67.6,19.5
2015-06-03T03:31:00,77.8,13.8,33.0,18.0,67.9,19.5
2015-06-03T03:32:00,77.9,13.8,33.0,18.0,67.8,19.5
2015-06-03T03:33:00,77.8,13.8,33.0,18.0,67.7,19.6
2015-06-03T03:34:00,78.1,13.8,33.0,18.0,67.6,19.6
2015-06-03T03:35:00,77.9,13.8,33.0,18.0,67.5,19.6
2015-06-03T03:36:00,77.9,13.8,33.0,18.0,67.3,19.6
2015-06-03T03:37:00,77.8,13.7,33.0,18.0,67.4,19.6
2015-06-03T03:38:00,77.8,13.8,33.0,18.0,67.4,19.6
2015-06-03T03:39:00,78.1,13.7,33.0,18.0,67.4,19.6
2015-06-03T03:40:00,78.3,13.7,33.0,18.0,67.5,19.5
2015-06-03T03:41:00,78.3,13.6,33.0,18.0,67.6,19.5
2015-06-03T03:42:00,78.5,13.6,33.0,18.0,67.7,19.5
2015-06-03T03:43:00,78.5,13.6,33.0,18.0,67.7,19.5
2015-06-03T03:44:00,78.8,13.6,33.0,18.0,67.9,19.5
2015-06-03T03:45:00,78.8,13.6,33.0,18.0,67.5,19.5
2015-06-03T03:46:00,78.6,13.6,33.0,18.0,67.6,19.6
2015-06-03T03:47:00,78.6,13.7,33.0,18.0,67.4,19.6
2015-06-03T03:48:00,78.6,13.7,33.0,18.0,67.2,19.6
2015-06-03T03:49:00,78.5,13.6,33.0,18.0,67.3,19.6
2015-06-03T03:50:00,78.6,13.7,33.0,18.0,67.4,19.5
2015-06-03T03:51:00,78.5,13.6,33.0,18.0,67.5,19.5
2015-06-03T03:52:00,78.5,13.6,33.0,18.0,67.5,19.4
2015-06-03T03:53:00,78.5,13.6,33.0,18.0,67.6,19.4
2015-06-03T03:54:00,78.6,13.7,33.0,18.0,67.7,19.4
2015-06-03T03:55:00,78.4,13.7,33.0,18.0,67.8,19.5
2015-06-03T03:56:00,78.3,13.7,33.0,18.0,67.7,19.5
2015-06-03T03:57:00,78.5,13.7,33.0,18.0,67.5,19.5
2015-06-03T03:58:00,78.5,13.7,33.0,18.0,67.4,19.5
2015-06-03T03:59:00,78.5,13.7,33.0,18.0,67.4,19.5
2015-06-03T04:00:00,78.5,13.7,33.0,18.0,67.4,19.5
2015-06-03T04:01:00,78.5,13.6,33.0,18.0,67.5,19.5
2015-06-03T04:02:00,78.5,13.7,33.0,18.0,67.5,19.5
2015-06-03T04:03:00,78.4,13.6,33.0,18.0,67.6,19.5
2015-06-03T04:04:00,78.5,13.6,33.0,18.0,67.7,19.4
2015-06-03T04:05:00,78.5,13.6,33.0,18.0,67.7,19.4
2015-06-03T04:06:00,79.0,13.6,33.0,18.0,67.6,19.4
2015-06-03T04:07:00,79.5,13.5,33.0,18.0,67.7,19.5
2015-06-03T04:08:00,80.4,13.3,33.0,18.0,67.4,19.6
2015-06-03T04:09:00,80.2,13.3,33.0,18.0,67.2,19.6
2015-06-03T04:10:00,80.4,13.3,33.0,18.0,67.1,19.6
2015-06-03T04:11:00,80.2,13.4,33.0,18.0,67.1,19.6
2015-06-03T04:12:00,80.2,13.4,33.0,18.0,67.3,19.5
2015-06-03T04:13:00,80.8,13.3,33.0,18.0,67.4,19.5
2015-06-03T04:14:00,81.0,13.3,33.0,18.0,67.4,19.5
2015-06-03T04:15:00,81.3,13.2,33.0,18.0,67.5,19.5
2015-06-03T04:16:00,81.2,13.2,33.0,18.0,67.5,19.5
2015-06-03T04:17:00,80.9,13.3,33.0,18.0,67.6,19.5
2015-06-03T04:18:00,80.5,13.4,33.0,18.0,67.6,19.5
2015-06-03T04:19:00,80.2,13.5,33.0,18.0,67.6,19.5
2015-06-03T04:20:00,80.0,13.5,33.0,18.0,67.4,19.6
2015-06-03T04:21:00,79.7,13.5,33.0,18.0,67.1,19.6
2015-06-03T04:22:00,80.2,13.5,33.0,18.0,67.1,19.6
2015-06-03T04:23:00,80.1,13.5,33.0,18.0,66.9,19.6
2015-06-03T04:24:00,80.0,13.5,33.0,18.0,67.1,19.6
2015-06-03T04:25:00,79.7,13.5,33.0,18.0,67.1,19.5
2015-06-03T04:26:00,80.2,13.4,33.0,18.0,67.3,19.5
2015-06-03T04:27:00,80.5,13.4,33.0,18.0,67.4,19.5
2015-06-03T04:28:00,80.5,13.4,33.0,18.0,67.6,19.5
2015-06-03T04:29:00,80.5,13.4,33.0,18.0,67.6,19.4
2015-06-03T04:30:00,80.2,13.4,33.0,18.0,67.6,19.4
2015-06-03T04:31:00,80.5,13.4,33.0,18.0,67.8,19.5
2015-06-03T04:32:00,80.1,13.5,33.0,18.0,67.5,19.5
2015-06-03T04:33:00,80.1,13.5,33.0,18.0,67.4,19.5
2015-06-03T04:34:00,80.4,13.4,33.0,18.0,67.6,19.5
2015-06-03T04:35:00,80.2,13.4,33.0,18.0,67.3,19.4
2015-06-03T04:36:00,80.1,13.4,33.0,18.0,67.5,19.4
2015-06-03T04:37:00,80.1,13.5,33.0,18.0,67.6,19.4
2015-06-03T04:38:00,80.0,13.5,33.0,18.0,67.7,19.4
2015-06-03T04:39:00,80.0,13.4,33.0,18.0,67.9,19.4
2015-06-03T04:40:00,80.2,13.5,33.0,18.0,67.8,19.4
2015-06-03T04:41:00,79.9,13.5,33.0,18.0,67.7,19.4
2015-06-03T04:42:00,80.0,13.5,33.0,18.0,67.8,19.5
2015-06-03T04:43:00,80.0,13.5,33.0,18.0,67.4,19.4
2015-06-03T04:44:00,80.1,13.4,33.0,18.0,67.4,19.4
2015-06-03T04:45:00,80.0,13.4,33.0,18.0,67.6,19.5
2015-06-03T04:46:00,79.9,13.5,33.0,18.0,67.6,19.4
2015-06-03T04:47:00,79.8,13.5,33.0,18.0,67.5,19.4
2015-06-03T04:48:00,79.6,13.5,33.0,18.0,67.4,19.4
2015-06-03T04:49:00,79.8,13.4,33.0,18.0,67.5,19.4
2015-06-03T04:50:00,79.8,13.4,33.0,18.0,67.6,19.4
2015-06-03T04:51:00,80.4,13.3,33.0,18.0,67.9,19.3
2015-06-03T04:52:00,80.4,13.3,33.0,18.0,67.7,19.4
2015-06-03T04:53:00,80.3,13.3,33.0,18.0,67.6,19.4
2015-06-03T04:54:00,80.6,13.3,33.0,18.0,67.5,19.4
2015-06-03T04:55:00,80.4,13.3,33.0,18.0,67.4,19.4
2015-06-03T04:56:00,80.1,13.3,33.0,18.0,67.6,19.4
2015-06-03T04:57:00,80.3,13.4,33.0,18.0,67.6,19.3
2015-06-03T04:58:00,80.0,13.4,33.0,18.0,67.6,19.3
2015-06-03T04:59:00,80.7,13.3,33.0,18.0,67.8,19.3
2015-06-03T05:00:00,80.7,13.3,33.0,18.0,67.8,19.3
2015-06-03T05:01:00,80.3,13.3,33.0,18.0,68.0,19.3
2015-06-03T05:02:00,80.2,13.3,33.0,18.0,67.9,19.3
2015-06-03T05:03:00,80.1,13.4,33.0,18.0,67.9,19.3
2015-06-03T05:04:00,80.0,13.4,33.0,18.0,67.8,19.4
2015-06-03T05:05:00,79.9,13.4,33.0,18.0,67.4,19.4
2015-06-03T05:06:00,79.9,13.3,33.0,18.0,67.5,19.4
2015-06-03T05:07:00,80.3,13.3,33.0,18.0,67.6,19.4
2015-06-03T05:08:00,80.6,13.3,33.0,18.0,67.6,19.3
2015-06-03T05:09:00,80.4,13.3,33.0,18.0,67.7,19.3
2015-06-03T05:10:00,80.1,13.4,33.0,18.0,67.7,19.3
2015-06-03T05:11:00,79.7,13.4,33.0,18.0,67.8,19.3
2015-06-03T05:12:00,79.5,13.5,33.0,18.0,67.9,19.3
2015-06-03T05:13:00,79.6,13.5,33.0,18.0,67.9,19.3
2015-06-03T05:14:00,79.7,13.4,33.0,18.0,67.9,19.4
2015-06-03T05:15:00,80.0,13.4,33.0,18.0,67.6,19.4
2015-06-03T05:16:00,80.0,13.3,33.0,18.0,67.2,19.4
2015-06-03T05:17:00,80.4,13.3,33.0,18.0,67.4,19.4
2015-06-03T05:18:00,80.7,13.2,33.0,18.0,67.2,19.4
2015-06-03T05:19:00,80.9,13.2,33.0,18.0,67.2,19.4
2015-06-03T05:20:00,80.7,13.2,33.0,18.0,67.5,19.3
2015-06-03T05:21:00,80.9,13.2,33.0,18.0,67.7,19.3
2015-06-03T05:22:00,80.9,13.1,33.0,18.0,67.8,19.3
2015-06-03T05:23:00,80.7,13.1,33.0,18.0,67.6,19.3
2015-06-03T05:24:00,80.9,13.1,33.0,18.0,68.0,19.3
2015-06-03T05:25:00,80.9,13.1,33.0,18.0,67.9,19.3
2015-06-03T05:26:00,80.9,13.2,33.0,18.0,67.8,19.3
2015-06-03T05:27:00,80.7,13.1,33.0,18.0,67.8,19.3
2015-06-03T05:28:00,80.6,13.2,33.0,18.0,67.5,19.2
2015-06-03T05:29:00,80.6,13.2,33.0,18.0,67.7,19.3
2015-06-03T05:30:00,80.9,13.1,33.0,18.0,67.8,19.3
2015-06-03T05:31:00,80.7,13.2,33.0,18.0,67.8,19.3
2015-06-03T05:32:00,80.5,13.2,33.0,18.0,67.8,19.2
2015-06-03T05:33:00,80.4,13.2,33.0,18.0,67.7,19.2
2015-06-03T05:34:00,80.1,13.2,33.0,18.0,67.9,19.2
2015-06-03T05:35:00,80.2,13.2,33.0,18.0,67.9,19.2
2015-06-03T05:36:00,80.2,13.2,33.0,18.0,67.8,19.2
2015-06-03T05:37:00,80.1,13.2,33.0,18.0,67.9,19.3
2015-06-03T05:38:00,80.0,13.2,33.0,18.0,67.9,19.3
2015-06-03T05:39:00,79.9,13.2,33.0,18.0,67.6,19.3
2015-06-03T05:40:00,79.9,13.2,33.0,18.0,67.5,19.2
2015-06-03T05:41:00,79.6,13.2,33.0,18.0,67.5,19.3
2015-06-03T05:42:00,79.5,13.3,33.0,18.0,67.6,19.3
2015-06-03T05:43:00,79.4,13.3,33.0,18.0,67.7,19.3
2015-06-03T05:44:00,79.3,13.3,33.0,18.0,67.7,19.3
2015-06-03T05:45:00,79.4,13.3,33.0,18.0,67.8,19.3
2015-06-03T05:46:00,79.2,13.3,33.0,18.0,67.6,19.3
2015-06-03T05:47:00,79.6,13.2,33.0,18.0,67.5,19.4
2015-06-03T05:48:00,79.6,13.1,33.0,18.0,67.4,19.4
2015-06-03T05:49:00,79.4,13.2,33.0,18.0,67.1,19.4
2015-06-03T05:50:00,79.3,13.2,33.0,18.0,66.9,19.4
2015-06-03T05:51:00,79.2,13.2,33.0,18.0,67.1,19.4
2015-06-03T05:52:00,79.4,13.2,33.0,18.0,67.1,19.4
2015-06-03T05:53:00,79.3,13.2,33.0,18.0,67.2,19.4
2015-06-03T05:54:00,79.1,13.2,33.0,18.0,67.4,19.3
2015-06-03T05:55:00,79.2,13.3,33.0,18.0,67.2,19.3
2015-06-03T05:56:00,79.4,13.2,33.0,18.0,67.6,19.3
2015-06-03T05:57:00,79.6,13.2,33.0,18.0,67.6,19.3
2015-06-03T05:58:00,79.5,13.3,33.0,18.0,67.4,19.3
2015-06-03T05:59:00,79.4,13.3,33.0,18.0,67.4,19.3
2015-06-03T06:00:00,79.4,13.2,33.0,18.0,67.3,19.3
2015-06-03T06:01:00,79.9,13.2,33.0,18.0,67.3,19.3
2015-06-03T06:02:00,79.8,13.3,33.0,18.0,67.4,19.3
2015-06-03T06:03:00,79.8,13.3,33.0,18.0,67.4,19.3
2015-06-03T06:04:00,79.4,13.4,33.0,18.0,67.3,19.3
2015-06-03T06:05:00,79.5,13.3,33.0,18.0,67.7,19.3
2015-06-03T06:06:00,79.6,13.3,33.0,18.0,67.9,19.3
2015-06-03T06:07:00,79.5,13.4,33.0,18.0,67.7,19.4
2015-06-03T06:08:00,79.4,13.4,33.0,18.0,67.5,19.4
2015-06-03T06:09:00,79.3,13.4,33.0,18.0,67.4,19.5
2015-06-03T06:10:00,79.2,13.4,33.0,18.0,67.3,19.5
2015-06-03T06:11:00,79.2,13.4,33.0,18.0,67.2,19.5
2015-06-03T06:12:00,79.3,13.3,33.0,18.0,67.1,19.5
2015-06-03T06:13:00,79.3,13.3,33.0,18.0,66.6,19.5
2015-06-03T06:14:00,79.9,13.1,33.0,18.0,66.8,19.5
2015-06-03T06:15:00,79.6,13.2,33.0,18.0,66.8,19.4
2015-06-03T06:16:00,79.7,13.3,33.0,18.0,66.8,19.3
2015-06-03T06:17:00,79.4,13.4,33.0,18.0,67.2,19.3
2015-06-03T06:18:00,78.9,13.4,33.0,18.0,67.2,19.4
2015-06-03T06:19:00,78.6,13.5,33.0,18.0,67.2,19.4
2015-06-03T06:20:00,78.5,13.5,33.0,18.0,66.9,19.4
2015-06-03T06:21:00,78.5,13.6,33.0,18.0,66.9,19.4
2015-06-03T06:22:00,78.3,13.6,33.0,18.0,66.8,19.4
2015-06-03T06:23:00,78.5,13.6,33.0,18.0,66.9,19.4
2015-06-03T06:24:00,78.5,13.6,33.0,18.0,66.8,19.4
2015-06-03T06:25:00,78.5,13.6,33.0,18.0,67.0,19.4
2015-06-03T06:26:00,78.5,13.6,33.0,18.0,67.1,19.4
2015-06-03T06:27:00,78.4,13.7,33.0,18.0,66.9,19.4
2015-06-03T06:28:00,78.3,13.7,33.0,18.0,67.2,19.4
2015-06-03T06:29:00,78.3,13.7,33.0,18.0,66.9,19.4
2015-06-03T06:30:00,78.2,13.7,33.0,18.0,66.7,19.4
2015-06-03T06:31:00,78.4,13.6,33.0,18.0,66.7,19.4
2015-06-03T06:32:00,78.5,13.6,33.0,18.0,66.6,19.4
2015-06-03T06:33:00,78.7,13.6,33.0,18.0,66.6,19.4
2015-06-03T06:34:00,78.5,13.6,33.0,18.0,66.7,19.4
2015-06-03T06:35:00,78.5,13.6,33.0,18.0,66.8,19.4
2015-06-03T06:36:00,78.5,13.6,33.0,18.0,66.9,19.3
2015-06-03T06:37:00,78.6,13.7,33.0,18.0,66.9,19.3
2015-06-03T06:38:00,78.4,13.7,33.0,18.0,67.1,19.3
2015-06-03T06:39:00,78.2,13.7,33.0,18.0,67.2,19.4
2015-06-03T06:40:00,78.1,13.7,33.0,18.0,67.0,19.4
2015-06-03T06:41:00,77.9,13.8,33.0,18.0,66.6,19.5
2015-06-03T06:42:00,77.8,13.7,33.0,18.0,66.5,19.5
2015-06-03T06:43:00,77.8,13.8,33.0,18.0,66.5,19.5
2015-06-03T06:44:00,77.8,13.8,33.0,18.0,66.7,19.5
2015-06-03T06:45:00,77.6,13.8,33.0,18.0,66.5,19.5
2015-06-03T06:46:00,77.5,13.8,33.0,18.0,66.4,19.4
2015-06-03T06:47:00,77.8,13.8,33.0,18.0,66.5,19.4
2015-06-03T06:48:00,78.4,13.6,33.0,18.0,66.7,19.4
2015-06-03T06:49:00,78.9,13.5,33.0,18.0,66.7,19.4
2015-06-03T06:50:00,78.8,13.6,33.0,18.0,66.7,19.4
2015-06-03T06:51:00,78.6,13.7,33.0,18.0,66.6,19.5
2015-06-03T06:52:00,78.3,13.8,33.0,18.0,66.6,19.5
2015-06-03T06:53:00,78.1,13.8,33.0,18.0,66.4,19.5
2015-06-03T06:54:00,77.8,13.8,33.0,18.0,66.3,19.5
2015-06-03T06:55:00,77.7,13.9,33.0,18.0,66.4,19.5
2015-06-03T06:56:00,77.6,13.9,33.0,18.0,66.5,19.5
2015-06-03T06:57:00,77.3,13.9,33.0,18.0,66.5,19.5
2015-06-03T06:58:00,77.4,14.0,33.0,18.0,66.5,19.5
2015-06-03T06:59:00,77.0,14.0,33.0,18.0,66.6,19.5
2015-06-03T07:00:00,76.9,14.0,33.0,18.0,66.7,19.5
2015-06-03T07:01:00,76.8,14.0,33.0,18.0,66.5,19.5
2015-06-03T07:02:00,77.3,13.9,33.0,18.0,66.5,19.5
2015-06-03T07:03:00,77.5,13.8,33.0,18.0,66.1,19.5
2015-06-03T07:04:00,77.7,13.9,33.0,18.0,66.3,19.5
2015-06-03T07:05:00,77.5,13.9,33.0,18.0,66.2,19.6
2015-06-03T07:06:00,77.1,14.0,33.0,18.0,66.0,19.6
2015-06-03T07:07:00,77.2,14.0,33.0,18.0,66.2,19.6
2015-06-03T07:08:00,76.9,14.1,33.0,18.0,66.2,19.6
2015-06-03T07:09:00,76.6,14.1,33.0,18.0,66.3,19.6
2015-06-03T07:10:00,76.3,14.2,33.0,18.0,66.2,19.6
2015-06-03T07:11:00,76.2,14.2,33.0,18.0,66.1,19.7
2015-06-03T07:12:00,76.4,14.1,33.0,18.0,65.7,19.6
2015-06-03T07:13:00,76.4,14.2,33.0,18.0,65.9,19.7
2015-06-03T07:14:00,76.1,14.2,33.0,18.0,65.8,19.7
2015-06-03T07:15:00,75.8,14.2,33.0,18.0,65.5,19.7
2015-06-03T07:16:00,75.8,14.2,33.0,18.0,65.6,19.7
2015-06-03T07:17:00,75.8,14.3,33.0,18.0,65.6,19.7
2015-06-03T07:18:00,75.8,14.3,33.0,18.0,65.6,19.8
2015-06-03T07:19:00,75.4,14.4,33.0,18.0,65.4,19.8
2015-06-03T07:20:00,75.7,14.4,33.0,18.0,65.4,19.8
2015-06-03T07:21:00,75.8,14.4,33.0,18.0,65.6,19.8
2015-06-03T07:22:00,75.6,14.4,33.0,18.0,65.4,19.8
2015-06-03T07:23:00,75.4,14.5,33.0,18.0,65.3,19.8
2015-06-03T07:24:00,75.3,14.5,33.0,18.0,65.3,19.9
2015-06-03T07:25:00,75.2,14.5,33.0,18.0,65.3,19.9
2015-06-03T07:26:00,75.1,14.5,33.0,18.0,65.3,19.9
2015-06-03T07:27:00,75.2,14.5,33.0,18.0,65.1,19.9
2015-06-03T07:28:00,75.2,14.5,33.0,18.0,65.3,19.9
2015-06-03T07:29:00,75.4,14.5,33.0,18.0,65.3,19.9
2015-06-03T07:30:00,75.2,14.5,33.0,18.0,65.3,19.9
2015-06-03T07:31:00,74.9,14.5,33.0,18.0,65.2,19.9
2015-06-03T07:32:00,74.7,14.6,33.0,18.0,65.2,19.8
2015-06-03T07:33:00,74.7,14.6,33.0,18.0,65.3,19.9
2015-06-03T07:34:00,74.7,14.7,33.0,18.0,65.1,19.9
2015-06-03T07:35:00,74.3,14.8,33.0,18.0,65.1,19.9
2015-06-03T07:36:00,74.2,14.8,33.0,18.0,65.1,19.9
2015-06-03T07:37:00,73.9,14.8,33.0,18.0,64.9,20.0
2015-06-03T07:38:00,73.7,14.8,33.0,18.0,64.9,20.0
2015-06-03T07:39:00,73.3,14.8,33.0,18.0,64.9,20.0
2015-06-03T07:40:00,73.2,14.8,33.0,18.0,64.8,19.9
2015-06-03T07:41:00,73.2,14.9,33.0,18.0,64.7,19.9
2015-06-03T07:42:00,73.0,14.9,33.0,18.0,64.9,19.9
2015-06-03T07:43:00,72.9,14.9,33.0,18.0,65.0,19.9
2015-06-03T07:44:00,72.8,14.9,33.0,18.0,64.8,19.9
2015-06-03T07:45:00,72.7,15.0,33.0,18.0,64.8,20.0
2015-06-03T07:46:00,72.7,14.9,33.0,18.0,64.6,20.0
2015-06-03T07:47:00,72.9,14.8,33.0,18.0,64.6,20.1
2015-06-03T07:48:00,73.0,14.7,33.0,18.0,64.6,20.1
2015-06-03T07:49:00,72.9,14.7,33.0,18.0,64.4,20.0
2015-06-03T07:50:00,72.8,14.7,33.0,18.0,64.5,20.0
2015-06-03T07:51:00,72.8,14.7,33.0,18.0,64.4,20.0
2015-06-03T07:52:00,72.8,14.8,33.0,18.0,64.6,20.0
2015-06-03T07:53:00,72.5,14.9,33.0,18.0,64.6,20.0
2015-06-03T07:54:00,72.0,15.0,33.0,18.0,64.8,20.0
2015-06-03T07:55:00,71.9,15.0,33.0,18.0,64.4,20.0
2015-06-03T07:56:00,71.8,15.0,33.0,18.0,64.4,20.1
2015-06-03T07:57:00,71.8,15.0,33.0,18.0,64.3,20.1
2015-06-03T07:58:00,71.8,15.1,33.0,18.0,64.4,20.1
2015-06-03T07:59:00,71.3,15.1,33.0,18.0,64.1,20.2
2015-06-03T08:00:00,71.6,15.1,33.0,18.0,64.2,20.2
2015-06-03T08:01:00,72.0,15.0,33.0,18.0,63.9,20.1
2015-06-03T08:02:00,71.6,15.1,33.0,18.0,64.1,20.2
2015-06-03T08:03:00,71.4,15.2,33.0,18.0,63.9,20.1
2015-06-03T08:04:00,71.1,15.2,33.0,18.0,64.1,20.1
2015-06-03T08:05:00,70.9,15.3,33.0,18.0,64.0,20.2
2015-06-03T08:06:00,70.5,15.3,33.0,18.0,64.1,20.2
2015-06-03T08:07:00,70.1,15.4,33.0,18.0,64.1,20.3
2015-06-03T08:08:00,70.1,15.4,33.0,18.0,63.4,20.3
2015-06-03T08:09:00,69.7,15.5,33.0,18.0,63.4,20.3
2015-06-03T08:10:00,69.4,15.5,33.0,18.0,63.2,20.3
2015-06-03T08:11:00,69.6,15.5,33.0,18.0,63.4,20.3
2015-06-03T08:12:00,69.7,15.5,33.0,18.0,63.3,20.3
2015-06-03T08:13:00,69.7,15.4,33.0,18.0,63.2,20.4
2015-06-03T08:14:00,69.9,15.5,33.0,18.0,63.6,20.4
2015-06-03T08:15:00,70.1,15.5,33.0,18.0,63.1,20.4
2015-06-03T08:16:00,70.1,15.5,33.0,18.0,63.3,20.5
2015-06-03T08:17:00,69.8,15.6,33.0,18.0,62.9,20.5
2015-06-03T08:18:00,69.4,15.8,33.0,18.0,62.7,20.6
2015-06-03T08:19:00,69.2,15.8,33.0,18.0,62.4,20.7
2015-06-03T08:20:00,68.9,15.9,33.0,18.0,62.3,20.8
2015-06-03T08:21:00,68.5,15.9,33.0,18.0,62.1,20.9
2015-06-03T08:22:00,68.0,15.9,33.0,18.0,61.9,20.9
2015-06-03T08:23:00,68.0,15.8,33.0,18.0,61.6,21.1
2015-06-03T08:24:00,67.8,15.8,33.0,18.0,61.3,21.2
2015-06-03T08:25:00,67.9,15.9,33.0,18.0,61.1,21.4
2015-06-03T08:26:00,67.7,16.0,33.0,18.0,60.6,21.6
2015-06-03T08:27:00,67.8,15.9,33.0,18.0,60.2,21.7
2015-06-03T08:28:00,67.8,16.0,33.0,18.0,59.7,22.0
2015-06-03T08:29:00,67.0,16.1,33.0,18.0,58.4,22.5
2015-06-03T08:30:00,66.6,16.3,33.0,18.0,56.9,23.1
2015-06-03T08:31:00,66.1,16.3,33.0,18.0,55.4,23.8
2015-06-03T08:32:00,65.7,16.4,33.0,18.0,54.2,24.5
2015-06-03T08:33:00,65.4,16.4,33.0,18.0,52.7,25.2
2015-06-03T08:34:00,65.2,16.5,33.0,18.0,51.3,25.9
2015-06-03T08:35:00,64.6,16.5,33.0,18.0,50.0,26.5
2015-06-03T08:36:00,64.3,16.5,33.0,18.0,49.4,27.0
2015-06-03T08:37:00,64.0,16.5,33.0,18.0,48.2,27.5
2015-06-03T08:38:00,63.6,16.5,33.0,18.0,47.4,27.9
2015-06-03T08:39:00,63.5,16.6,33.0,18.0,46.9,28.2
2015-06-03T08:40:00,63.1,16.6,33.0,18.0,46.4,28.5
2015-06-03T08:41:00,62.1,17.1,33.0,18.0,45.6,28.7
2015-06-03T08:42:00,58.4,18.9,33.0,18.0,45.7,29.0
2015-06-03T08:43:00,52.5,20.9,33.0,18.0,45.2,29.2
2015-06-03T08:44:00,47.0,22.9,33.0,18.0,44.4,29.6
2015-06-03T08:45:00,42.7,24.4,33.0,18.0,43.7,29.9
2015-06-03T08:46:00,39.1,25.9,33.0,18.0,43.8,30.1
2015-06-03T08:47:00,37.2,25.6,33.0,18.0,43.3,30.2
2015-06-03T08:48:00,37.8,25.6,33.0,18.0,43.1,30.3
2015-06-03T08:49:00,36.2,26.6,33.0,18.0,42.9,30.5
2015-06-03T08:50:00,35.0,27.4,33.0,18.0,42.7,30.6
2015-06-03T08:51:00,33.3,27.9,33.0,18.0,42.4,30.6
2015-06-03T08:52:00,32.7,28.3,33.0,18.0,42.1,30.7
2015-06-03T08:53:00,32.2,27.8,33.0,18.0,42.0,30.7
2015-06-03T08:54:00,33.0,27.7,33.0,18.0,41.8,30.8
2015-06-03T08:55:00,33.1,27.9,33.0,18.0,41.5,30.8
2015-06-03T08:56:00,31.5,28.8,33.0,18.0,41.7,31.0
2015-06-03T08:57:00,30.9,28.7,33.0,18.0,41.5,31.1
2015-06-03T08:58:00,32.0,28.1,33.0,18.0,41.6,31.0
2015-06-03T08:59:00,31.0,28.6,33.0,18.0,41.0,30.9
2015-06-03T09:00:00,30.4,29.1,33.0,18.0,41.2,30.9
2015-06-03T09:01:00,30.0,29.5,33.0,18.0,41.2,30.8
2015-06-03T09:02:00,30.0,29.1,33.0,18.0,41.3,30.8
2015-06-03T09:03:00,29.8,29.3,33.0,18.0,41.5,30.6
2015-06-03T09:04:00,31.1,28.6,33.0,18.0,41.8,30.5
2015-06-03T09:05:00,31.0,28.8,33.0,18.0,42.3,30.2
2015-06-03T09:06:00,29.5,29.7,33.0,18.0,42.7,29.8
2015-06-03T09:07:00,28.7,30.4,33.0,18.0,43.3,29.5
2015-06-03T09:08:00,29.0,30.2,33.0,18.0,44.1,29.1
2015-06-03T09:09:00,28.3,30.7,33.0,18.0,44.3,28.9
2015-06-03T09:10:00,28.4,30.6,33.0,18.0,45.2,28.5
2015-06-03T09:11:00,28.1,30.9,33.0,18.0,45.9,28.1
2015-06-03T09:12:00,27.9,31.2,33.0,18.0,46.1,27.8
2015-06-03T09:13:00,28.1,31.1,33.0,18.0,46.7,27.5
2015-06-03T09:14:00,28.4,30.7,33.0,18.0,47.3,27.3
2015-06-03T09:15:00,29.3,30.1,33.0,18.0,48.0,27.0
2015-06-03T09:16:00,29.4,29.9,33.0,18.0,48.2,26.8
2015-06-03T09:17:00,29.0,30.3,33.0,18.0,48.7,26.5
2015-06-03T09:18:00,28.3,30.7,33.0,18.0,49.3,26.3
2015-06-03T09:19:00,28.4,30.4,33.0,18.0,49.5,26.3
2015-06-03T09:20:00,27.9,30.8,33.0,18.0,49.8,26.1
2015-06-03T09:21:00,28.5,30.2,33.0,18.0,49.9,25.9
2015-06-03T09:22:00,28.4,30.6,33.0,18.0,50.2,25.8
2015-06-03T09:23:00,28.0,31.0,33.0,18.0,50.8,25.6
2015-06-03T09:24:00,27.9,30.8,33.0,18.0,51.1,25.4
2015-06-03T09:25:00,27.4,31.3,33.0,18.0,51.6,25.2
2015-06-03T09:26:00,27.8,31.0,33.0,18.0,51.9,25.1
2015-06-03T09:27:00,28.0,31.0,33.0,18.0,52.2,25.0
2015-06-03T09:28:00,28.0,31.1,33.0,18.0,52.5,24.8
2015-06-03T09:29:00,27.6,31.0,33.0,18.0,52.7,24.8
2015-06-03T09:30:00,28.8,29.5,33.0,18.0,53.0,24.7
2015-06-03T09:31:00,28.7,29.7,33.0,18.0,53.1,24.7
2015-06-03T09:32:00,28.2,30.4,33.0,18.0,52.8,24.7
2015-06-03T09:33:00,28.4,30.4,33.0,18.0,53.2,24.7
2015-06-03T09:34:00,28.6,30.3,33.0,18.0,53.2,24.6
2015-06-03T09:35:00,29.0,29.7,33.0,18.0,53.5,24.5
2015-06-03T09:36:00,30.4,28.4,33.0,18.0,53.6,24.3
2015-06-03T09:37:00,35.0,25.2,33.0,18.0,53.9,24.3
2015-06-03T09:38:00,39.8,22.9,33.0,18.0,53.9,24.2
2015-06-03T09:39:00,41.5,22.4,33.0,18.0,54.1,24.1
2015-06-03T09:40:00,43.9,21.6,33.0,18.0,54.2,24.1
2015-06-03T09:41:00,45.9,21.0,33.0,18.0,54.3,24.1
2015-06-03T09:42:00,46.5,21.1,33.0,18.0,54.4,24.1
2015-06-03T09:43:00,46.3,21.1,33.0,18.0,54.3,24.1
2015-06-03T09:44:00,46.3,21.1,33.0,18.0,54.2,24.2
2015-06-03T09:45:00,46.3,21.2,32.0,19.0,53.7,24.2
2015-06-03T09:46:00,49.0,20.1,32.0,19.0,54.3,24.1
2015-06-03T09:47:00,50.5,19.6,32.0,19.0,53.9,24.1
2015-06-03T09:48:00,50.6,19.7,33.0,18.0,54.2,24.1
2015-06-03T09:49:00,50.2,19.8,33.0,18.0,54.3,24.1
2015-06-03T09:50:00,51.2,19.6,33.0,18.0,54.3,24.1
2015-06-03T09:51:00,51.2,19.5,33.0,18.0,54.2,24.1
2015-06-03T09:52:00,50.7,19.7,33.0,18.0,54.4,24.1
2015-06-03T09:53:00,50.1,19.9,33.0,18.0,54.4,24.1
2015-06-03T09:54:00,50.8,19.6,33.0,18.0,54.2,24.1
2015-06-03T09:55:00,52.0,19.2,33.0,18.0,54.3,24.1
2015-06-03T09:56:00,53.6,18.8,33.0,18.0,54.4,24.1
2015-06-03T09:57:00,53.8,18.7,33.0,18.0,54.5,24.0
2015-06-03T09:58:00,53.6,18.8,32.0,19.0,54.5,24.0
2015-06-03T09:59:00,53.4,18.8,32.0,19.0,54.1,23.9
2015-06-03T10:00:00,52.6,19.2,33.0,18.0,54.2,23.8
2015-06-03T10:01:00,51.4,19.7,33.0,18.0,54.3,23.8
2015-06-03T10:02:00,50.0,20.0,33.0,18.0,54.5,23.8
2015-06-03T10:03:00,49.5,20.1,33.0,18.0,54.8,23.7
2015-06-03T10:04:00,48.8,20.4,33.0,18.0,54.7,23.8
2015-06-03T10:05:00,48.8,20.5,33.0,18.0,54.8,23.8
2015-06-03T10:06:00,48.3,20.5,33.0,18.0,54.8,23.8
2015-06-03T10:07:00,47.9,20.7,33.0,18.0,54.9,23.8
2015-06-03T10:08:00,47.8,20.7,33.0,18.0,54.9,23.9
2015-06-03T10:09:00,47.5,20.8,32.0,19.0,54.7,23.9
2015-06-03T10:10:00,47.5,20.9,32.0,19.0,54.6,23.9
2015-06-03T10:11:00,47.2,21.0,33.0,18.0,54.6,23.9
2015-06-03T10:12:00,46.8,21.0,33.0,18.0,54.5,23.8
2015-06-03T10:13:00,46.6,21.0,33.0,18.0,54.5,23.8
2015-06-03T10:14:00,47.8,20.4,33.0,18.0,54.7,23.8
2015-06-03T10:15:00,50.1,19.7,33.0,18.0,54.7,23.8
2015-06-03T10:16:00,50.9,19.5,33.0,18.0,55.2,23.8
2015-06-03T10:17:00,50.4,19.8,33.0,18.0,55.0,23.8
2015-06-03T10:18:00,49.6,20.0,33.0,18.0,55.2,23.8
2015-06-03T10:19:00,49.0,20.3,32.0,19.0,54.7,23.8
2015-06-03T10:20:00,48.3,20.5,33.0,18.0,55.3,23.8
2015-06-03T10:21:00,47.5,20.7,32.0,19.0,55.3,23.8
2015-06-03T10:22:00,47.7,20.6,32.0,19.0,54.8,23.8
2015-06-03T10:23:00,48.7,20.2,32.0,19.0,54.6,23.8
2015-06-03T10:24:00,48.7,20.4,32.0,19.0,54.6,23.7
2015-06-03T10:25:00,48.7,20.5,32.0,19.0,54.9,23.7
2015-06-03T10:26:00,48.2,20.5,33.0,18.0,55.3,23.7
2015-06-03T10:27:00,47.7,20.6,33.0,18.0,54.9,23.8
2015-06-03T10:28:00,47.4,20.7,33.0,18.0,55.2,23.8
2015-06-03T10:29:00,47.1,20.8,33.0,18.0,55.0,23.8
2015-06-03T10:30:00,46.8,21.0,33.0,18.0,55.2,23.8
2015-06-03T10:31:00,46.7,21.1,33.0,18.0,55.1,23.8
2015-06-03T10:32:00,46.8,21.1,33.0,18.0,55.1,23.8
2015-06-03T10:33:00,46.8,20.9,32.0,19.0,55.3,23.8
2015-06-03T10:34:00,48.4,20.2,32.0,19.0,54.9,23.8
2015-06-03T10:35:00,49.3,20.1,32.0,19.0,54.8,23.8
2015-06-03T10:36:00,49.0,20.1,33.0,18.0,54.6,23.8
2015-06-03T10:37:00,49.4,20.1,32.0,19.0,54.7,23.7
2015-06-03T10:38:00,48.6,20.5,33.0,18.0,55.5,23.7
2015-06-03T10:39:00,47.7,20.8,33.0,18.0,55.3,23.7
2015-06-03T10:40:00,47.4,20.9,33.0,18.0,54.8,23.8
2015-06-03T10:41:00,48.5,20.4,33.0,18.0,54.7,23.7
2015-06-03T10:42:00,48.4,20.5,33.0,18.0,54.9,23.7
2015-06-03T10:43:00,47.7,20.8,33.0,18.0,55.0,23.7
2015-06-03T10:44:00,47.6,20.8,33.0,18.0,55.5,23.7
2015-06-03T10:45:00,47.7,20.7,32.0,19.0,55.2,23.6
2015-06-03T10:46:00,47.3,20.9,32.0,19.0,55.3,23.6
2015-06-03T10:47:00,47.0,21.0,32.0,19.0,55.0,23.6
2015-06-03T10:48:00,47.1,21.0,32.0,19.0,55.4,23.6
2015-06-03T10:49:00,46.8,21.1,32.0,19.0,55.6,23.6
2015-06-03T10:50:00,46.4,21.2,33.0,18.0,55.1,23.7
2015-06-03T10:51:00,48.1,20.5,33.0,18.0,55.0,23.6
2015-06-03T10:52:00,49.8,19.9,33.0,18.0,55.1,23.6
2015-06-03T10:53:00,50.1,19.9,33.0,18.0,55.5,23.6
2015-06-03T10:54:00,50.6,19.7,33.0,18.0,55.1,23.6
2015-06-03T10:55:00,50.6,19.7,33.0,18.0,55.8,23.5
2015-06-03T10:56:00,49.8,20.1,32.0,19.0,55.9,23.5
2015-06-03T10:57:00,49.6,20.1,32.0,19.0,56.1,23.5
2015-06-03T10:58:00,48.6,20.4,32.0,19.0,56.0,23.5
2015-06-03T10:59:00,48.7,20.5,32.0,19.0,56.0,23.5
2015-06-03T11:00:00,48.0,20.6,33.0,18.0,55.9,23.5
2015-06-03T11:01:00,47.0,20.9,33.0,18.0,55.9,23.5
2015-06-03T11:02:00,46.6,21.1,33.0,18.0,55.4,23.5
2015-06-03T11:03:00,46.1,21.3,33.0,18.0,55.4,23.5
2015-06-03T11:04:00,45.8,21.4,33.0,18.0,55.6,23.5
2015-06-03T11:05:00,45.8,21.4,33.0,18.0,55.7,23.5
2015-06-03T11:06:00,45.5,21.4,33.0,18.0,55.1,23.5
2015-06-03T11:07:00,45.7,21.3,33.0,18.0,55.8,23.5
2015-06-03T11:08:00,45.6,21.3,33.0,18.0,55.8,23.5
2015-06-03T11:09:00,45.4,21.4,33.0,18.0,55.7,23.4
2015-06-03T11:10:00,45.3,21.5,33.0,18.0,55.8,23.5
2015-06-03T11:11:00,45.3,21.4,33.0,18.0,55.7,23.5
2015-06-03T11:12:00,45.2,21.5,32.0,19.0,55.9,23.5
2015-06-03T11:13:00,45.2,21.5,33.0,18.0,55.7,23.5
2015-06-03T11:14:00,45.1,21.6,33.0,18.0,55.9,23.5
2015-06-03T11:15:00,45.3,21.5,33.0,18.0,56.0,23.5
2015-06-03T11:16:00,45.5,21.5,33.0,18.0,55.9,23.5
2015-06-03T11:17:00,45.6,21.5,33.0,18.0,56.0,23.5
2015-06-03T11:18:00,45.5,21.6,33.0,18.0,56.0,23.5
2015-06-03T11:19:00,46.3,21.4,33.0,18.0,56.1,23.5
2015-06-03T11:20:00,48.1,20.7,33.0,18.0,55.6,23.5
2015-06-03T11:21:00,50.0,20.0,32.0,19.0,55.4,23.5
2015-06-03T11:22:00,49.7,20.2,33.0,18.0,56.0,23.5
2015-06-03T11:23:00,48.6,20.7,33.0,18.0,56.0,23.4
2015-06-03T11:24:00,48.2,20.8,33.0,18.0,56.1,23.5
2015-06-03T11:25:00,47.3,21.1,33.0,18.0,56.0,23.4
2015-06-03T11:26:00,46.6,21.4,33.0,18.0,55.7,23.4
2015-06-03T11:27:00,46.2,21.5,33.0,18.0,55.7,23.4
2015-06-03T11:28:00,45.7,21.6,33.0,18.0,55.8,23.5
2015-06-03T11:29:00,46.0,21.5,33.0,18.0,56.0,23.4
2015-06-03T11:30:00,47.2,21.0,33.0,18.0,55.8,23.4
2015-06-03T11:31:00,48.2,20.6,33.0,18.0,56.1,23.5
2015-06-03T11:32:00,50.0,20.0,33.0,18.0,55.9,23.4
2015-06-03T11:33:00,51.3,19.6,33.0,18.0,55.6,23.4
2015-06-03T11:34:00,51.8,19.4,33.0,18.0,55.6,23.4
2015-06-03T11:35:00,51.8,19.5,33.0,18.0,55.9,23.3
2015-06-03T11:36:00,50.7,20.0,33.0,18.0,56.3,23.3
2015-06-03T11:37:00,49.3,20.4,33.0,18.0,56.4,23.2
2015-06-03T11:38:00,47.5,20.9,33.0,18.0,56.4,23.2
2015-06-03T11:39:00,46.8,21.1,33.0,18.0,56.6,23.2
2015-06-03T11:40:00,46.2,21.4,33.0,18.0,56.4,23.2
2015-06-03T11:41:00,46.1,21.3,33.0,18.0,56.7,23.2
2015-06-03T11:42:00,46.1,21.5,33.0,18.0,56.6,23.3
2015-06-03T11:43:00,45.8,21.6,32.0,19.0,56.7,23.3
2015-06-03T11:44:00,45.5,21.7,32.0,19.0,56.6,23.3
2015-06-03T11:45:00,45.5,21.7,32.0,19.0,56.7,23.3
2015-06-03T11:46:00,45.5,21.7,33.0,18.0,56.7,23.3
2015-06-03T11:47:00,45.5,21.8,33.0,18.0,56.3,23.4
2015-06-03T11:48:00,46.9,21.2,33.0,18.0,56.2,23.4
2015-06-03T11:49:00,48.2,20.8,33.0,18.0,56.1,23.4
2015-06-03T11:50:00,47.7,21.0,33.0,18.0,56.1,23.4
2015-06-03T11:51:00,47.0,21.3,33.0,18.0,56.4,23.4
2015-06-03T11:52:00,46.2,21.6,33.0,18.0,56.2,23.4
2015-06-03T11:53:00,46.1,21.5,33.0,18.0,56.0,23.4
2015-06-03T11:54:00,45.9,21.6,33.0,18.0,56.3,23.4
2015-06-03T11:55:00,45.7,21.6,33.0,18.0,56.3,23.4
2015-06-03T11:56:00,45.5,21.7,33.0,18.0,56.2,23.4
2015-06-03T11:57:00,45.7,21.7,33.0,18.0,56.0,23.5
2015-06-03T11:58:00,45.8,21.7,33.0,18.0,55.7,23.4
2015-06-03T11:59:00,45.9,21.6,33.0,18.0,56.1,23.5
2015-06-03T12:00:00,46.6,21.3,33.0,18.0,56.0,23.5
2015-06-03T12:01:00,47.4,21.0,33.0,18.0,56.3,23.5
2015-06-03T12:02:00,47.6,21.1,33.0,18.0,56.1,23.5
2015-06-03T12:03:00,47.4,21.3,33.0,18.0,56.2,23.4
2015-06-03T12:04:00,48.1,20.8,33.0,18.0,56.3,23.4
2015-06-03T12:05:00,48.5,20.7,33.0,18.0,56.3,23.4
2015-06-03T12:06:00,48.8,20.7,33.0,18.0,56.4,23.5
2015-06-03T12:07:00,49.0,20.6,33.0,18.0,56.3,23.5
2015-06-03T12:08:00,48.3,20.9,33.0,18.0,55.9,23.4
2015-06-03T12:09:00,47.9,21.1,33.0,18.0,56.1,23.5
2015-06-03T12:10:00,47.7,21.1,33.0,18.0,55.8,23.5
2015-06-03T12:11:00,48.9,20.5,33.0,18.0,55.8,23.5
2015-06-03T12:12:00,50.3,20.0,33.0,18.0,55.6,23.5
2015-06-03T12:13:00,50.7,20.1,33.0,18.0,56.0,23.6
2015-06-03T12:14:00,50.7,20.0,33.0,18.0,55.6,23.6
2015-06-03T12:15:00,51.4,19.8,33.0,18.0,55.5,23.5
2015-06-03T12:16:00,51.8,19.6,33.0,18.0,55.5,23.5
2015-06-03T12:17:00,53.0,19.4,33.0,18.0,55.7,23.5
2015-06-03T12:18:00,52.1,19.7,33.0,18.0,55.7,23.5
2015-06-03T12:19:00,51.9,19.7,33.0,18.0,55.8,23.5
2015-06-03T12:20:00,52.7,19.6,33.0,18.0,55.8,23.5
2015-06-03T12:21:00,52.0,19.8,33.0,18.0,55.6,23.6
2015-06-03T12:22:00,50.6,20.4,33.0,18.0,55.4,23.6
2015-06-03T12:23:00,49.6,20.7,33.0,18.0,56.0,23.7
2015-06-03T12:24:00,48.8,21.0,33.0,18.0,55.9,23.6
2015-06-03T12:25:00,49.3,20.7,33.0,18.0,55.9,23.7
2015-06-03T12:26:00,48.9,20.8,33.0,18.0,55.9,23.7
2015-06-03T12:27:00,48.6,20.9,33.0,18.0,55.7,23.7
2015-06-03T12:28:00,50.5,20.1,33.0,18.0,55.8,23.7
2015-06-03T12:29:00,52.0,19.7,33.0,18.0,55.8,23.7
2015-06-03T12:30:00,51.2,20.0,33.0,18.0,55.7,23.7
2015-06-03T12:31:00,52.0,19.7,33.0,18.0,55.9,23.7
2015-06-03T12:32:00,51.8,19.9,32.0,19.0,55.8,23.7
2015-06-03T12:33:00,52.3,19.7,33.0,18.0,55.8,23.7
2015-06-03T12:34:00,52.7,19.5,33.0,18.0,55.5,23.7
2015-06-03T12:35:00,52.1,19.7,33.0,18.0,55.7,23.8
2015-06-03T12:36:00,51.7,19.8,33.0,18.0,55.7,23.8
2015-06-03T12:37:00,52.2,19.7,33.0,18.0,55.3,23.8
2015-06-03T12:38:00,51.2,20.1,33.0,18.0,55.4,23.7
2015-06-03T12:39:00,50.2,20.4,33.0,18.0,55.5,23.7
2015-06-03T12:40:00,49.9,20.5,33.0,18.0,55.6,23.7
2015-06-03T12:41:00,49.5,20.7,33.0,18.0,55.7,23.7
2015-06-03T12:42:00,49.3,20.7,33.0,18.0,55.9,23.7
2015-06-03T12:43:00,49.0,20.8,33.0,18.0,55.7,23.7
2015-06-03T12:44:00,48.7,20.9,33.0,18.0,55.8,23.7
2015-06-03T12:45:00,48.7,20.8,33.0,18.0,55.5,23.7
2015-06-03T12:46:00,49.8,20.4,33.0,18.0,55.5,23.6
2015-06-03T12:47:00,50.5,20.2,33.0,18.0,55.5,23.6
2015-06-03T12:48:00,50.1,20.4,33.0,18.0,55.9,23.6
2015-06-03T12:49:00,49.7,20.5,33.0,18.0,55.9,23.6
2015-06-03T12:50:00,49.8,20.3,33.0,18.0,56.0,23.5
2015-06-03T12:51:00,50.2,20.3,33.0,18.0,56.0,23.5
2015-06-03T12:52:00,50.3,20.2,33.0,18.0,56.1,23.4
2015-06-03T12:53:00,51.0,20.1,32.0,19.0,56.3,23.4
2015-06-03T12:54:00,51.1,20.1,32.0,19.0,56.5,23.3
2015-06-03T12:55:00,51.0,20.2,32.0,19.0,56.6,23.3
2015-06-03T12:56:00,50.5,20.3,33.0,18.0,56.4,23.2
2015-06-03T12:57:00,50.2,20.3,33.0,18.0,56.8,23.2
2015-06-03T12:58:00,50.4,20.3,33.0,18.0,56.9,23.1
2015-06-03T12:59:00,50.5,20.2,33.0,18.0,56.9,23.1
2015-06-03T13:00:00,50.5,20.2,33.0,18.0,56.8,23.1
2015-06-03T13:01:00,51.5,19.9,33.0,18.0,56.8,23.1
2015-06-03T13:02:00,52.7,19.6,33.0,18.0,56.7,23.1
2015-06-03T13:03:00,52.6,19.6,33.0,18.0,57.0,23.0
2015-06-03T13:04:00,52.1,19.9,33.0,18.0,57.2,23.0
2015-06-03T13:05:00,51.4,20.0,32.0,19.0,57.4,22.9
2015-06-03T13:06:00,51.5,20.0,33.0,18.0,57.5,23.0
2015-06-03T13:07:00,52.8,19.6,33.0,18.0,57.3,22.9
2015-06-03T13:08:00,53.7,19.2,33.0,18.0,57.3,22.9
2015-06-03T13:09:00,53.4,19.5,33.0,18.0,57.5,22.9
2015-06-03T13:10:00,53.1,19.5,33.0,18.0,57.6,22.9
2015-06-03T13:11:00,53.7,19.3,33.0,18.0,57.3,23.0
2015-06-03T13:12:00,53.5,19.4,33.0,18.0,57.4,22.9
2015-06-03T13:13:00,53.0,19.6,33.0,18.0,57.3,23.0
2015-06-03T13:14:00,52.2,19.9,33.0,18.0,57.5,22.9
2015-06-03T13:15:00,51.7,20.0,33.0,18.0,57.6,23.0
2015-06-03T13:16:00,52.0,19.8,33.0,18.0,57.2,23.0
2015-06-03T13:17:00,52.9,19.6,32.0,19.0,57.6,22.9
2015-06-03T13:18:00,53.3,19.4,32.0,19.0,57.6,23.0
2015-06-03T13:19:00,53.2,19.7,32.0,19.0,57.4,23.0
2015-06-03T13:20:00,53.5,19.5,32.0,19.0,57.3,23.0
2015-06-03T13:21:00,53.0,19.7,32.0,19.0,57.2,23.1
2015-06-03T13:22:00,53.1,19.6,32.0,19.0,57.1,23.1
2015-06-03T13:23:00,52.6,19.8,32.0,19.0,57.0,23.1
2015-06-03T13:24:00,51.6,20.1,33.0,18.0,56.8,23.2
2015-06-03T13:25:00,52.4,19.8,33.0,18.0,56.9,23.3
2015-06-03T13:26:00,53.2,19.5,33.0,18.0,56.5,23.4
2015-06-03T13:27:00,53.8,19.3,32.0,19.0,56.4,23.4
2015-06-03T13:28:00,53.4,19.5,33.0,18.0,56.5,23.4
2015-06-03T13:29:00,53.6,19.4,33.0,18.0,56.3,23.5
2015-06-03T13:30:00,52.8,19.8,33.0,18.0,56.1,23.5
2015-06-03T13:31:00,52.2,19.9,33.0,18.0,56.3,23.5
2015-06-03T13:32:00,51.7,20.1,32.0,19.0,56.3,23.5
2015-06-03T13:33:00,51.2,20.3,33.0,18.0,56.4,23.5
2015-06-03T13:34:00,51.9,19.9,33.0,18.0,55.9,23.5
2015-06-03T13:35:00,52.4,19.7,33.0,18.0,55.8,23.4
2015-06-03T13:36:00,52.4,19.7,33.0,18.0,56.1,23.4
2015-06-03T13:37:00,52.0,19.8,33.0,18.0,56.1,23.4
2015-06-03T13:38:00,52.1,19.9,33.0,18.0,56.3,23.4
2015-06-03T13:39:00,51.6,20.0,33.0,18.0,56.2,23.4
2015-06-03T13:40:00,51.4,20.0,33.0,18.0,56.4,23.4
2015-06-03T13:41:00,52.3,19.8,33.0,18.0,56.3,23.4
2015-06-03T13:42:00,52.0,19.7,33.0,18.0,56.4,23.3
2015-06-03T13:43:00,52.1,19.7,33.0,18.0,56.8,23.2
2015-06-03T13:44:00,52.0,19.8,32.0,19.0,56.8,23.2
2015-06-03T13:45:00,51.7,19.9,33.0,18.0,56.5,23.2
2015-06-03T13:46:00,51.3,20.1,33.0,18.0,56.9,23.2
2015-06-03T13:47:00,51.4,20.0,33.0,18.0,56.9,23.1
2015-06-03T13:48:00,51.7,19.9,33.0,18.0,57.1,23.1
2015-06-03T13:49:00,51.1,20.0,33.0,18.0,57.0,23.1
2015-06-03T13:50:00,51.7,19.7,33.0,18.0,56.9,23.1
2015-06-03T13:51:00,52.7,19.3,33.0,18.0,57.2,23.1
2015-06-03T13:52:00,53.7,19.0,33.0,18.0,56.8,23.0
2015-06-03T13:53:00,53.9,19.0,33.0,18.0,56.9,23.0
2015-06-03T13:54:00,54.3,19.0,33.0,18.0,56.9,23.0
2015-06-03T13:55:00,54.7,18.9,33.0,18.0,57.6,22.9
2015-06-03T13:56:00,55.3,18.7,32.0,19.0,57.6,22.9
2015-06-03T13:57:00,55.1,18.7,32.0,19.0,57.3,22.9
2015-06-03T13:58:00,55.0,18.8,33.0,18.0,57.0,23.0
2015-06-03T13:59:00,54.2,19.0,33.0,18.0,57.4,23.0
2015-06-03T14:00:00,53.6,19.3,33.0,18.0,57.2,22.9
2015-06-03T14:01:00,53.2,19.4,33.0,18.0,57.2,22.9
2015-06-03T14:02:00,54.1,19.0,33.0,18.0,57.1,22.9
2015-06-03T14:03:00,54.5,18.9,33.0,18.0,57.4,22.9
2015-06-03T14:04:00,53.8,19.1,33.0,18.0,57.3,22.9
2015-06-03T14:05:00,52.9,19.4,33.0,18.0,57.4,22.9
2015-06-03T14:06:00,52.4,19.6,33.0,18.0,57.6,22.9
2015-06-03T14:07:00,51.9,19.7,32.0,19.0,57.5,22.9
2015-06-03T14:08:00,51.6,19.6,33.0,18.0,57.2,22.9
2015-06-03T14:09:00,51.4,19.7,32.0,19.0,57.2,22.9
2015-06-03T14:10:00,51.2,19.9,33.0,18.0,57.4,22.9
2015-06-03T14:11:00,51.1,19.9,32.0,19.0,57.1,22.9
2015-06-03T14:12:00,51.2,19.8,33.0,18.0,56.9,23.0
2015-06-03T14:13:00,51.5,19.6,33.0,18.0,56.9,23.0
2015-06-03T14:14:00,52.1,19.4,33.0,18.0,56.9,23.1
2015-06-03T14:15:00,52.9,19.3,33.0,18.0,56.8,23.1
2015-06-03T14:16:00,52.4,19.4,33.0,18.0,56.8,23.2
2015-06-03T14:17:00,51.9,19.7,33.0,18.0,56.7,23.2
2015-06-03T14:18:00,51.4,19.8,33.0,18.0,56.8,23.3
2015-06-03T14:19:00,51.2,19.8,33.0,18.0,56.8,23.3
2015-06-03T14:20:00,51.3,19.8,32.0,19.0,56.6,23.3
2015-06-03T14:21:00,50.9,20.0,33.0,18.0,56.2,23.4
2015-06-03T14:22:00,50.5,20.1,33.0,18.0,56.3,23.4
2015-06-03T14:23:00,50.3,20.2,33.0,18.0,55.8,23.4
2015-06-03T14:24:00,50.6,19.9,33.0,18.0,55.8,23.5
2015-06-03T14:25:00,51.4,19.7,33.0,18.0,55.7,23.5
2015-06-03T14:26:00,51.2,19.8,33.0,18.0,55.8,23.6
2015-06-03T14:27:00,51.2,19.8,33.0,18.0,55.6,23.5
2015-06-03T14:28:00,51.4,19.7,33.0,18.0,55.8,23.6
2015-06-03T14:29:00,51.8,19.6,33.0,18.0,55.9,23.6
2015-06-03T14:30:00,53.1,19.2,32.0,19.0,55.9,23.6
2015-06-03T14:31:00,54.2,18.9,32.0,19.0,55.6,23.6
2015-06-03T14:32:00,54.5,18.9,32.0,19.0,55.6,23.5
2015-06-03T14:33:00,54.3,18.9,32.0,19.0,55.8,23.5
2015-06-03T14:34:00,54.4,18.9,33.0,18.0,56.2,23.5
2015-06-03T14:35:00,53.8,19.1,33.0,18.0,55.9,23.5
2015-06-03T14:36:00,53.3,19.3,32.0,19.0,56.0,23.5
2015-06-03T14:37:00,52.7,19.4,33.0,18.0,55.9,23.6
2015-06-03T14:38:00,52.6,19.4,33.0,18.0,55.8,23.6
2015-06-03T14:39:00,52.4,19.4,33.0,18.0,55.6,23.6
2015-06-03T14:40:00,52.1,19.5,33.0,18.0,55.7,23.6
2015-06-03T14:41:00,53.1,19.2,33.0,18.0,56.1,23.7
2015-06-03T14:42:00,52.7,19.2,32.0,19.0,55.7,23.6
2015-06-03T14:43:00,52.6,19.2,32.0,19.0,55.5,23.6
2015-06-03T14:44:00,52.7,19.3,33.0,18.0,55.5,23.6
2015-06-03T14:45:00,52.4,19.4,33.0,18.0,55.6,23.5
2015-06-03T14:46:00,52.9,19.3,33.0,18.0,55.8,23.5
2015-06-03T14:47:00,52.4,19.5,33.0,18.0,55.8,23.5
2015-06-03T14:48:00,52.1,19.6,33.0,18.0,55.7,23.6
2015-06-03T14:49:00,52.4,19.4,32.0,19.0,56.1,23.6
2015-06-03T14:50:00,52.9,19.1,32.0,19.0,56.0,23.6
2015-06-03T14:51:00,53.0,19.2,33.0,18.0,55.7,23.6
2015-06-03T14:52:00,53.1,19.1,33.0,18.0,55.9,23.7
2015-06-03T14:53:00,52.8,19.2,33.0,18.0,55.6,23.7
2015-06-03T14:54:00,52.2,19.4,32.0,19.0,55.8,23.6
2015-06-03T14:55:00,52.4,19.3,32.0,19.0,55.7,23.7
2015-06-03T14:56:00,52.7,19.2,33.0,18.0,55.4,23.6
2015-06-03T14:57:00,52.8,19.2,32.0,19.0,55.8,23.6
2015-06-03T14:58:00,52.8,19.2,32.0,19.0,55.7,23.6
2015-06-03T14:59:00,52.5,19.3,33.0,18.0,55.8,23.6
2015-06-03T15:00:00,51.9,19.4,33.0,18.0,56.1,23.7
2015-06-03T15:01:00,51.7,19.4,33.0,18.0,55.9,23.7
2015-06-03T15:02:00,51.9,19.5,33.0,18.0,55.9,23.7
2015-06-03T15:03:00,52.3,19.2,33.0,18.0,55.9,23.7
2015-06-03T15:04:00,52.5,19.2,33.0,18.0,55.9,23.7
2015-06-03T15:05:00,52.2,19.2,33.0,18.0,55.9,23.6
2015-06-03T15:06:00,52.6,19.1,32.0,19.0,56.1,23.5
2015-06-03T15:07:00,52.8,19.1,32.0,19.0,56.1,23.6
2015-06-03T15:08:00,52.7,19.2,32.0,19.0,55.9,23.5
2015-06-03T15:09:00,52.8,19.2,33.0,18.0,56.0,23.5
2015-06-03T15:10:00,53.0,19.1,33.0,18.0,55.9,23.4
2015-06-03T15:11:00,53.2,19.0,33.0,18.0,56.4,23.3
2015-06-03T15:12:00,53.8,18.8,33.0,18.0,56.2,23.3
2015-06-03T15:13:00,53.6,18.9,33.0,18.0,56.7,23.2
2015-06-03T15:14:00,53.1,19.1,33.0,18.0,56.9,23.2
2015-06-03T15:15:00,52.7,19.3,32.0,19.0,56.6,23.2
2015-06-03T15:16:00,52.8,19.2,33.0,18.0,56.6,23.2
2015-06-03T15:17:00,52.8,19.2,32.0,19.0,56.9,23.2
2015-06-03T15:18:00,52.7,19.3,32.0,19.0,56.9,23.2
2015-06-03T15:19:00,52.2,19.5,33.0,18.0,56.4,23.2
2015-06-03T15:20:00,51.9,19.6,33.0,18.0,56.4,23.3
2015-06-03T15:21:00,52.7,19.3,33.0,18.0,56.4,23.3
2015-06-03T15:22:00,52.7,19.4,33.0,18.0,56.2,23.4
2015-06-03T15:23:00,52.4,19.5,32.0,19.0,56.1,23.4
2015-06-03T15:24:00,52.5,19.4,33.0,18.0,56.3,23.4
2015-06-03T15:25:00,53.0,19.3,33.0,18.0,56.0,23.4
2015-06-03T15:26:00,53.0,19.2,33.0,18.0,56.1,23.4
2015-06-03T15:27:00,52.7,19.4,33.0,18.0,56.2,23.4
2015-06-03T15:28:00,52.5,19.5,32.0,19.0,56.2,23.5
2015-06-03T15:29:00,52.5,19.4,32.0,19.0,56.3,23.4
2015-06-03T15:30:00,52.7,19.4,32.0,19.0,56.0,23.4
2015-06-03T15:31:00,53.3,19.2,32.0,19.0,56.1,23.4
2015-06-03T15:32:00,53.3,19.3,33.0,18.0,56.4,23.4
2015-06-03T15:33:00,53.2,19.2,32.0,19.0,55.9,23.4
2015-06-03T15:34:00,53.3,19.1,33.0,18.0,56.0,23.4
2015-06-03T15:35:00,53.4,19.1,33.0,18.0,56.1,23.4
2015-06-03T15:36:00,53.5,19.1,33.0,18.0,56.1,23.3
2015-06-03T15:37:00,53.3,19.1,33.0,18.0,56.3,23.2
2015-06-03T15:38:00,53.2,19.1,33.0,18.0,56.3,23.2
2015-06-03T15:39:00,53.7,19.1,33.0,18.0,56.6,23.1
2015-06-03T15:40:00,53.6,19.1,33.0,18.0,56.7,23.1
2015-06-03T15:41:00,53.5,19.1,32.0,19.0,57.3,23.1
2015-06-03T15:42:00,53.9,19.0,32.0,19.0,57.0,23.1
2015-06-03T15:43:00,54.2,18.9,32.0,19.0,57.4,23.1
2015-06-03T15:44:00,54.2,18.9,32.0,19.0,57.0,23.0
2015-06-03T15:45:00,53.8,19.1,33.0,18.0,57.0,23.0
2015-06-03T15:46:00,54.6,18.9,32.0,19.0,57.2,22.9
2015-06-03T15:47:00,54.9,18.7,33.0,18.0,57.2,22.9
2015-06-03T15:48:00,55.7,18.5,32.0,19.0,57.6,22.9
2015-06-03T15:49:00,55.8,18.5,32.0,19.0,57.6,22.9
2015-06-03T15:50:00,55.3,18.6,33.0,18.0,57.6,22.9
2015-06-03T15:51:00,55.1,18.6,32.0,19.0,57.6,22.9
2015-06-03T15:52:00,55.0,18.8,32.0,19.0,57.7,22.9
2015-06-03T15:53:00,54.7,18.9,32.0,19.0,57.6,22.9
2015-06-03T15:54:00,54.1,18.9,32.0,19.0,57.3,22.9
2015-06-03T15:55:00,55.1,18.5,32.0,19.0,57.7,22.8
2015-06-03T15:56:00,56.9,18.1,32.0,19.0,57.6,22.8
2015-06-03T15:57:00,57.5,17.9,32.0,19.0,57.3,22.8
2015-06-03T15:58:00,58.2,17.8,33.0,18.0,57.7,22.8
2015-06-03T15:59:00,57.5,18.1,33.0,18.0,57.4,22.7
2015-06-03T16:00:00,56.6,18.3,32.0,19.0,57.7,22.7
2015-06-03T16:01:00,55.8,18.5,32.0,19.0,57.6,22.7
2015-06-03T16:02:00,55.7,18.5,32.0,19.0,57.8,22.7
2015-06-03T16:03:00,55.7,18.4,33.0,18.0,57.8,22.7
2015-06-03T16:04:00,55.8,18.5,32.0,19.0,58.1,22.7
2015-06-03T16:05:00,55.8,18.4,32.0,19.0,58.1,22.7
2015-06-03T16:06:00,57.0,18.0,32.0,19.0,58.2,22.7
2015-06-03T16:07:00,58.0,17.7,32.0,19.0,58.0,22.7
2015-06-03T16:08:00,57.9,17.8,32.0,19.0,58.3,22.6
2015-06-03T16:09:00,57.5,18.0,33.0,18.0,58.3,22.6
2015-06-03T16:10:00,57.4,18.1,32.0,19.0,58.2,22.6
2015-06-03T16:11:00,58.5,17.6,32.0,19.0,58.4,22.5
2015-06-03T16:12:00,58.4,17.7,33.0,18.0,58.3,22.5
2015-06-03T16:13:00,58.5,17.6,33.0,18.0,58.0,22.4
2015-06-03T16:14:00,58.8,17.5,33.0,18.0,58.4,22.4
2015-06-03T16:15:00,59.4,17.4,32.0,19.0,58.7,22.4
2015-06-03T16:16:00,60.1,17.2,32.0,19.0,58.6,22.4
2015-06-03T16:17:00,60.3,17.2,32.0,19.0,59.0,22.4
2015-06-03T16:18:00,59.9,17.3,32.0,19.0,58.8,22.3
2015-06-03T16:19:00,58.9,17.6,32.0,19.0,59.0,22.3
2015-06-03T16:20:00,58.6,17.6,32.0,19.0,58.7,22.3
2015-06-03T16:21:00,59.7,17.4,32.0,19.0,59.1,22.2
2015-06-03T16:22:00,59.1,17.6,33.0,18.0,59.5,22.2
2015-06-03T16:23:00,58.6,17.6,33.0,18.0,59.3,22.2
2015-06-03T16:24:00,58.3,17.8,33.0,18.0,59.3,22.2
2015-06-03T16:25:00,57.9,17.9,33.0,18.0,59.4,22.2
2015-06-03T16:26:00,58.6,17.6,33.0,18.0,59.1,22.1
2015-06-03T16:27:00,58.4,17.6,32.0,19.0,59.4,22.2
2015-06-03T16:28:00,58.8,17.7,32.0,19.0,59.4,22.2
2015-06-03T16:29:00,58.4,17.6,32.0,19.0,59.3,22.2
2015-06-03T16:30:00,59.8,17.2,32.0,19.0,59.0,22.2
2015-06-03T16:31:00,59.7,17.3,33.0,18.0,59.0,22.1
2015-06-03T16:32:00,59.5,17.4,32.0,19.0,59.1,22.1
2015-06-03T16:33:00,60.2,17.2,33.0,18.0,59.5,22.1
2015-06-03T16:34:00,59.5,17.4,33.0,18.0,59.3,22.0
2015-06-03T16:35:00,59.5,17.5,32.0,19.0,59.4,22.0
2015-06-03T16:36:00,59.8,17.3,33.0,18.0,59.9,22.0
2015-06-03T16:37:00,59.8,17.4,33.0,18.0,59.6,22.0
2015-06-03T16:38:00,59.5,17.5,33.0,18.0,59.5,22.0
2015-06-03T16:39:00,59.2,17.6,32.0,19.0,60.0,22.0
2015-06-03T16:40:00,59.2,17.6,32.0,19.0,59.6,22.0
2015-06-03T16:41:00,58.6,17.8,32.0,19.0,59.8,22.1
2015-06-03T16:42:00,58.1,18.0,33.0,18.0,59.5,22.1
2015-06-03T16:43:00,57.9,18.0,33.0,18.0,59.5,22.1
2015-06-03T16:44:00,57.7,18.1,32.0,19.0,59.4,22.1
2015-06-03T16:45:00,57.5,18.1,32.0,19.0,59.5,22.0
2015-06-03T16:46:00,57.5,18.2,32.0,19.0,59.5,22.0
2015-06-03T16:47:00,57.7,18.2,33.0,18.0,59.6,22.0
2015-06-03T16:48:00,57.6,18.0,32.0,19.0,59.6,22.0
2015-06-03T16:49:00,58.1,17.9,33.0,18.0,59.4,22.0
2015-06-03T16:50:00,58.4,17.8,32.0,19.0,59.6,22.0
2015-06-03T16:51:00,58.8,17.7,32.0,19.0,59.8,22.0
2015-06-03T16:52:00,58.4,17.8,32.0,19.0,59.4,22.0
2015-06-03T16:53:00,58.3,17.8,32.0,19.0,59.5,22.0
2015-06-03T16:54:00,58.3,17.8,32.0,19.0,59.4,22.0
2015-06-03T16:55:00,58.5,17.8,32.0,19.0,59.7,21.9
2015-06-03T16:56:00,58.8,17.7,32.0,19.0,60.0,21.9
2015-06-03T16:57:00,59.2,17.6,32.0,19.0,60.0,21.9
2015-06-03T16:58:00,58.8,17.7,32.0,19.0,59.7,21.9
2015-06-03T16:59:00,58.4,17.8,33.0,18.0,59.9,21.9
2015-06-03T17:00:00,59.9,17.3,33.0,18.0,59.7,21.9
2015-06-03T17:01:00,60.9,17.1,33.0,18.0,60.0,21.9
2015-06-03T17:02:00,61.5,16.9,32.0,19.0,60.1,21.9
2015-06-03T17:03:00,61.3,16.9,32.0,19.0,60.0,21.9
2015-06-03T17:04:00,61.9,16.8,32.0,19.0,60.0,21.9
2015-06-03T17:05:00,61.4,17.1,32.0,19.0,60.1,21.9
2015-06-03T17:06:00,60.3,17.4,32.0,19.0,59.9,21.9
2015-06-03T17:07:00,59.6,17.6,33.0,18.0,60.0,21.9
2015-06-03T17:08:00,59.5,17.7,33.0,18.0,60.0,21.9
2015-06-03T17:09:00,59.4,17.6,32.0,19.0,59.8,22.0
2015-06-03T17:10:00,60.0,17.4,32.0,19.0,59.9,22.0
2015-06-03T17:11:00,59.5,17.6,32.0,19.0,59.8,22.0
2015-06-03T17:12:00,59.5,17.6,33.0,18.0,59.9,22.0
2015-06-03T17:13:00,59.5,17.6,32.0,19.0,60.0,22.0
2015-06-03T17:14:00,58.8,17.8,32.0,19.0,59.9,22.1
2015-06-03T17:15:00,58.3,18.1,32.0,19.0,59.7,22.1
2015-06-03T17:16:00,58.1,18.0,32.0,19.0,59.7,22.1
2015-06-03T17:17:00,58.4,17.8,32.0,19.0,59.5,22.1
2015-06-03T17:18:00,60.0,17.3,32.0,19.0,59.4,22.1
2015-06-03T17:19:00,59.7,17.5,32.0,19.0,59.3,22.1
2015-06-03T17:20:00,59.3,17.6,32.0,19.0,59.5,22.1
2015-06-03T17:21:00,59.0,17.8,32.0,19.0,59.5,22.1
2015-06-03T17:22:00,58.6,17.9,32.0,19.0,59.3,22.1
2015-06-03T17:23:00,58.3,18.1,33.0,18.0,59.5,22.1
2015-06-03T17:24:00,58.0,18.1,33.0,18.0,59.5,22.1
2015-06-03T17:25:00,58.0,18.1,32.0,19.0,59.4,22.1
2015-06-03T17:26:00,58.8,17.8,32.0,19.0,59.7,22.1
2015-06-03T17:27:00,60.0,17.4,32.0,19.0,59.6,22.1
2015-06-03T17:28:00,60.4,17.3,32.0,19.0,59.5,22.1
2015-06-03T17:29:00,60.1,17.5,32.0,19.0,59.5,22.1
2015-06-03T17:30:00,59.9,17.6,32.0,19.0,59.6,22.0
2015-06-03T17:31:00,60.5,17.3,32.0,19.0,59.8,22.0
2015-06-03T17:32:00,60.9,17.3,32.0,19.0,59.9,22.0
2015-06-03T17:33:00,61.1,17.2,32.0,19.0,59.8,22.0
2015-06-03T17:34:00,60.9,17.2,32.0,19.0,59.8,22.0
2015-06-03T17:35:00,60.6,17.4,32.0,19.0,59.7,21.9
2015-06-03T17:36:00,61.0,17.2,32.0,19.0,60.0,21.9
2015-06-03T17:37:00,62.1,17.0,32.0,19.0,60.3,21.8
2015-06-03T17:38:00,61.9,17.0,32.0,19.0,60.3,21.9
2015-06-03T17:39:00,61.2,17.2,32.0,19.0,60.0,21.9
2015-06-03T17:40:00,61.3,17.3,32.0,19.0,60.0,21.9
2015-06-03T17:41:00,60.6,17.4,32.0,19.0,60.2,21.9
2015-06-03T17:42:00,60.5,17.4,32.0,19.0,60.1,21.9
2015-06-03T17:43:00,61.2,17.2,32.0,19.0,59.8,21.9
2015-06-03T17:44:00,61.2,17.3,32.0,19.0,60.1,21.8
2015-06-03T17:45:00,60.7,17.4,32.0,19.0,60.3,21.8
2015-06-03T17:46:00,61.6,17.2,32.0,19.0,60.1,21.8
2015-06-03T17:47:00,62.4,17.0,32.0,19.0,60.2,21.8
2015-06-03T17:48:00,62.3,17.0,32.0,19.0,60.4,21.8
2015-06-03T17:49:00,61.3,17.4,32.0,19.0,60.5,21.9
2015-06-03T17:50:00,60.4,17.5,32.0,19.0,60.0,21.9
2015-06-03T17:51:00,60.2,17.5,32.0,19.0,59.9,21.9
2015-06-03T17:52:00,60.3,17.5,32.0,19.0,60.1,21.9
2015-06-03T17:53:00,60.8,17.2,32.0,19.0,60.0,21.9
2015-06-03T17:54:00,61.7,17.1,32.0,19.0,60.1,21.9
2015-06-03T17:55:00,61.3,17.2,32.0,19.0,60.2,21.9
2015-06-03T17:56:00,61.0,17.3,33.0,18.0,60.3,21.9
2015-06-03T17:57:00,61.0,17.3,32.0,19.0,60.3,21.9
2015-06-03T17:58:00,61.1,17.2,32.0,19.0,60.3,21.8
2015-06-03T17:59:00,62.3,16.9,32.0,19.0,60.3,21.8
2015-06-03T18:00:00,62.2,16.8,32.0,19.0,60.1,21.8
2015-06-03T18:01:00,62.3,16.9,33.0,18.0,60.4,21.7
2015-06-03T18:02:00,62.5,16.8,32.0,19.0,60.6,21.7
2015-06-03T18:03:00,62.3,16.9,32.0,19.0,60.5,21.8
2015-06-03T18:04:00,63.0,16.7,32.0,19.0,60.2,21.8
2015-06-03T18:05:00,62.6,16.8,32.0,19.0,60.1,21.8
2015-06-03T18:06:00,62.9,16.7,32.0,19.0,59.9,21.8
2015-06-03T18:07:00,63.3,16.7,32.0,19.0,60.3,21.7
2015-06-03T18:08:00,63.8,16.6,32.0,19.0,60.5,21.7
2015-06-03T18:09:00,63.5,16.8,32.0,19.0,60.7,21.7
2015-06-03T18:10:00,62.8,16.9,32.0,19.0,60.8,21.7
2015-06-03T18:11:00,63.4,16.6,32.0,19.0,60.6,21.6
2015-06-03T18:12:00,64.1,16.6,32.0,19.0,61.2,21.6
2015-06-03T18:13:00,63.4,16.8,32.0,19.0,61.1,21.6
2015-06-03T18:14:00,62.4,17.0,32.0,19.0,61.3,21.6
2015-06-03T18:15:00,62.5,16.9,33.0,18.0,61.0,21.5
2015-06-03T18:16:00,62.9,16.8,32.0,19.0,61.4,21.5
2015-06-03T18:17:00,63.3,16.7,32.0,19.0,61.1,21.5
2015-06-03T18:18:00,63.6,16.7,32.0,19.0,61.1,21.6
2015-06-03T18:19:00,63.6,16.7,32.0,19.0,61.0,21.5
2015-06-03T18:20:00,63.0,16.8,32.0,19.0,61.3,21.5
2015-06-03T18:21:00,63.0,16.8,32.0,19.0,61.3,21.5
2015-06-03T18:22:00,62.9,16.8,33.0,18.0,61.3,21.5
2015-06-03T18:23:00,62.8,16.9,33.0,18.0,61.5,21.5
2015-06-03T18:24:00,62.5,17.0,33.0,18.0,61.4,21.4
2015-06-03T18:25:00,62.6,16.9,32.0,19.0,61.5,21.5
2015-06-03T18:26:00,62.4,17.0,32.0,19.0,61.5,21.5
2015-06-03T18:27:00,62.3,17.1,32.0,19.0,61.5,21.5
2015-06-03T18:28:00,61.8,17.2,32.0,19.0,61.4,21.6
2015-06-03T18:29:00,61.6,17.1,32.0,19.0,61.1,21.6
2015-06-03T18:30:00,61.7,17.2,32.0,19.0,61.2,21.6
2015-06-03T18:31:00,61.7,17.1,32.0,19.0,61.1,21.6
2015-06-03T18:32:00,61.7,17.2,32.0,19.0,61.1,21.6
2015-06-03T18:33:00,61.6,17.3,32.0,19.0,61.1,21.6
2015-06-03T18:34:00,61.3,17.3,32.0,19.0,61.0,21.6
2015-06-03T18:35:00,61.2,17.3,32.0,19.0,60.8,21.6
2015-06-03T18:36:00,62.3,17.0,32.0,19.0,60.7,21.6
2015-06-03T18:37:00,63.1,16.7,32.0,19.0,60.8,21.6
2015-06-03T18:38:00,63.0,16.8,32.0,19.0,61.2,21.6
2015-06-03T18:39:00,62.5,17.0,32.0,19.0,61.2,21.6
2015-06-03T18:40:00,62.2,17.0,32.0,19.0,61.0,21.7
2015-06-03T18:41:00,62.1,17.0,32.0,19.0,60.8,21.8
2015-06-03T18:42:00,61.8,17.1,32.0,19.0,60.6,21.8
2015-06-03T18:43:00,62.1,17.0,32.0,19.0,60.4,21.8
2015-06-03T18:44:00,61.6,17.1,32.0,19.0,60.5,21.8
2015-06-03T18:45:00,61.4,17.2,32.0,19.0,60.5,21.8
2015-06-03T18:46:00,61.3,17.3,32.0,19.0,60.7,21.8
2015-06-03T18:47:00,61.2,17.3,32.0,19.0,60.6,21.7
2015-06-03T18:48:00,61.2,17.2,32.0,19.0,60.8,21.7
2015-06-03T18:49:00,61.2,17.2,32.0,19.0,60.9,21.7
2015-06-03T18:50:00,61.5,17.1,32.0,19.0,61.0,21.7
2015-06-03T18:51:00,61.9,16.9,33.0,18.0,60.9,21.6
2015-06-03T18:52:00,62.9,16.7,32.0,19.0,61.1,21.6
2015-06-03T18:53:00,62.7,16.8,32.0,19.0,61.0,21.6
2015-06-03T18:54:00,62.7,16.8,32.0,19.0,61.0,21.7
2015-06-03T18:55:00,62.5,16.9,32.0,19.0,60.9,21.7
2015-06-03T18:56:00,61.9,17.1,32.0,19.0,61.0,21.7
2015-06-03T18:57:00,61.5,17.0,32.0,19.0,60.9,21.7
2015-06-03T18:58:00,62.7,16.7,32.0,19.0,60.9,21.6
2015-06-03T18:59:00,63.7,16.4,32.0,19.0,61.2,21.6
2015-06-03T19:00:00,64.1,16.4,32.0,19.0,61.0,21.6
2015-06-03T19:01:00,63.5,16.5,32.0,19.0,61.1,21.5
2015-06-03T19:02:00,63.4,16.5,32.0,19.0,61.4,21.5
2015-06-03T19:03:00,63.6,16.5,32.0,19.0,61.6,21.5
2015-06-03T19:04:00,63.4,16.6,32.0,19.0,61.6,21.5
2015-06-03T19:05:00,63.3,16.5,32.0,19.0,61.5,21.5
2015-06-03T19:06:00,63.9,16.4,32.0,19.0,61.5,21.5
2015-06-03T19:07:00,63.9,16.5,32.0,19.0,61.6,21.5
2015-06-03T19:08:00,63.9,16.4,32.0,19.0,61.4,21.5
2015-06-03T19:09:00,64.0,16.3,32.0,19.0,61.6,21.4
2015-06-03T19:10:00,64.5,16.3,32.0,19.0,61.7,21.4
2015-06-03T19:11:00,65.6,16.1,32.0,19.0,61.6,21.4
2015-06-03T19:12:00,66.0,15.9,33.0,18.0,62.0,21.3
2015-06-03T19:13:00,65.9,16.0,33.0,18.0,61.8,21.3
2015-06-03T19:14:00,65.4,16.2,32.0,19.0,62.1,21.3
2015-06-03T19:15:00,64.6,16.5,32.0,19.0,62.1,21.2
2015-06-03T19:16:00,63.8,16.6,32.0,19.0,62.3,21.2
2015-06-03T19:17:00,64.1,16.4,32.0,19.0,62.3,21.3
2015-06-03T19:18:00,64.3,16.4,32.0,19.0,61.9,21.3
2015-06-03T19:19:00,64.9,16.2,32.0,19.0,62.2,21.3
2015-06-03T19:20:00,65.6,16.1,32.0,19.0,62.2,21.3
2015-06-03T19:21:00,65.7,16.1,32.0,19.0,62.0,21.3
2015-06-03T19:22:00,65.8,16.1,32.0,19.0,62.3,21.2
2015-06-03T19:23:00,66.5,15.8,32.0,19.0,62.4,21.2
2015-06-03T19:24:00,66.3,15.9,32.0,19.0,62.4,21.2
2015-06-03T19:25:00,66.3,15.8,32.0,19.0,62.4,21.2
2015-06-03T19:26:00,67.3,15.7,33.0,18.0,62.4,21.2
2015-06-03T19:27:00,66.9,15.7,32.0,19.0,62.5,21.1
2015-06-03T19:28:00,66.3,15.9,32.0,19.0,62.7,21.1
2015-06-03T19:29:00,66.6,15.8,32.0,19.0,62.4,21.2
2015-06-03T19:30:00,66.9,15.8,32.0,19.0,62.4,21.2
2015-06-03T19:31:00,67.3,15.7,32.0,19.0,62.5,21.1
2015-06-03T19:32:00,67.6,15.6,32.0,19.0,62.7,21.1
2015-06-03T19:33:00,68.2,15.6,32.0,19.0,62.4,21.1
2015-06-03T19:34:00,67.6,15.6,32.0,19.0,62.8,21.1
2015-06-03T19:35:00,67.5,15.7,32.0,19.0,62.6,21.0
2015-06-03T19:36:00,67.7,15.7,32.0,19.0,63.1,21.0
2015-06-03T19:37:00,67.5,15.6,32.0,19.0,62.9,21.0
2015-06-03T19:38:00,68.4,15.5,32.0,19.0,63.1,21.0
2015-06-03T19:39:00,68.5,15.5,33.0,18.0,63.2,21.0
2015-06-03T19:40:00,68.1,15.6,32.0,19.0,63.2,21.0
2015-06-03T19:41:00,67.5,15.7,32.0,19.0,63.0,21.0
2015-06-03T19:42:00,66.7,15.9,32.0,19.0,63.1,21.0
2015-06-03T19:43:00,66.4,15.9,32.0,19.0,62.9,21.0
2015-06-03T19:44:00,66.5,15.8,32.0,19.0,62.9,21.0
2015-06-03T19:45:00,67.8,15.6,32.0,19.0,63.0,20.9
2015-06-03T19:46:00,68.3,15.5,32.0,19.0,62.9,20.9
2015-06-03T19:47:00,68.0,15.5,32.0,19.0,63.1,20.9
2015-06-03T19:48:00,67.6,15.6,32.0,19.0,63.1,20.8
2015-06-03T19:49:00,67.5,15.7,33.0,18.0,63.2,20.8
2015-06-03T19:50:00,66.7,15.9,32.0,19.0,63.4,20.8
2015-06-03T19:51:00,66.4,16.0,32.0,19.0,63.5,20.9
2015-06-03T19:52:00,65.7,16.2,32.0,19.0,63.5,20.9
2015-06-03T19:53:00,65.7,16.1,32.0,19.0,63.3,21.0
2015-06-03T19:54:00,66.3,15.9,32.0,19.0,62.9,21.0
2015-06-03T19:55:00,66.4,15.9,32.0,19.0,62.9,21.0
2015-06-03T19:56:00,66.9,15.7,32.0,19.0,62.9,21.0
2015-06-03T19:57:00,67.8,15.6,32.0,19.0,63.1,21.1
2015-06-03T19:58:00,67.4,15.7,32.0,19.0,62.9,21.0
2015-06-03T19:59:00,67.0,15.7,32.0,19.0,62.9,21.0
2015-06-03T20:00:00,67.5,15.7,32.0,19.0,62.8,21.0
2015-06-03T20:01:00,67.0,15.7,32.0,19.0,62.8,20.9
2015-06-03T20:02:00,67.3,15.7,32.0,19.0,63.1,20.9
2015-06-03T20:03:00,66.8,15.8,32.0,19.0,63.2,20.9
2015-06-03T20:04:00,66.6,15.9,32.0,19.0,63.3,21.0
2015-06-03T20:05:00,66.4,15.9,32.0,19.0,63.1,21.0
2015-06-03T20:06:00,66.5,15.9,32.0,19.0,62.9,21.0
2015-06-03T20:07:00,66.7,15.8,32.0,19.0,63.0,21.0
2015-06-03T20:08:00,66.7,15.9,32.0,19.0,62.8,21.0
2015-06-03T20:09:00,66.2,16.0,32.0,19.0,63.1,20.9
2015-06-03T20:10:00,66.9,15.8,32.0,19.0,63.2,20.9
2015-06-03T20:11:00,67.0,15.8,32.0,19.0,63.4,20.9
2015-06-03T20:12:00,66.7,15.8,32.0,19.0,63.4,20.9
2015-06-03T20:13:00,66.3,15.9,32.0,19.0,63.4,20.9
2015-06-03T20:14:00,66.2,16.0,32.0,19.0,63.2,20.8
2015-06-03T20:15:00,66.3,16.0,32.0,19.0,63.4,20.8
2015-06-03T20:16:00,66.3,16.0,32.0,19.0,63.6,20.9
2015-06-03T20:17:00,66.0,16.0,32.0,19.0,63.6,20.9
2015-06-03T20:18:00,66.1,16.0,32.0,19.0,63.5,20.9
2015-06-03T20:19:00,66.0,15.9,32.0,19.0,63.3,20.9
2015-06-03T20:20:00,66.5,15.8,32.0,19.0,63.5,20.9
2015-06-03T20:21:00,67.3,15.6,32.0,19.0,63.3,20.9
2015-06-03T20:22:00,67.3,15.6,32.0,19.0,63.4,20.8
2015-06-03T20:23:00,67.3,15.6,32.0,19.0,63.7,20.8
2015-06-03T20:24:00,67.3,15.6,33.0,18.0,63.7,20.8
2015-06-03T20:25:00,67.1,15.6,32.0,19.0,63.6,20.7
2015-06-03T20:26:00,67.4,15.6,32.0,19.0,63.8,20.8
2015-06-03T20:27:00,67.7,15.4,32.0,19.0,63.7,20.8
2015-06-03T20:28:00,67.8,15.5,32.0,19.0,63.6,20.8
2015-06-03T20:29:00,67.8,15.5,32.0,19.0,63.5,20.8
2015-06-03T20:30:00,67.3,15.6,32.0,19.0,63.4,20.8
2015-06-03T20:31:00,67.4,15.7,32.0,19.0,63.6,20.8
2015-06-03T20:32:00,67.1,15.7,32.0,19.0,63.7,20.7
2015-06-03T20:33:00,67.1,15.7,32.0,19.0,63.7,20.7
2015-06-03T20:34:00,67.5,15.6,32.0,19.0,63.7,20.7
2015-06-03T20:35:00,67.4,15.6,32.0,19.0,63.7,20.7
2015-06-03T20:36:00,67.1,15.6,33.0,18.0,63.9,20.7
2015-06-03T20:37:00,67.0,15.7,33.0,18.0,64.1,20.7
2015-06-03T20:38:00,67.1,15.7,32.0,19.0,64.2,20.7
2015-06-03T20:39:00,67.1,15.7,32.0,19.0,64.0,20.7
2015-06-03T20:40:00,67.5,15.6,32.0,19.0,63.8,20.8
2015-06-03T20:41:00,67.6,15.7,32.0,19.0,63.8,20.7
2015-06-03T20:42:00,67.5,15.7,32.0,19.0,63.8,20.7
2015-06-03T20:43:00,67.3,15.7,32.0,19.0,63.9,20.8
2015-06-03T20:44:00,67.4,15.7,32.0,19.0,63.9,20.8
2015-06-03T20:45:00,67.5,15.7,32.0,19.0,63.9,20.8
2015-06-03T20:46:00,67.5,15.7,32.0,19.0,63.9,20.7
2015-06-03T20:47:00,67.2,15.7,32.0,19.0,63.8,20.7
2015-06-03T20:48:00,67.0,15.8,33.0,18.0,64.0,20.7
2015-06-03T20:49:00,67.2,15.7,32.0,19.0,64.1,20.6
2015-06-03T20:50:00,67.3,15.7,32.0,19.0,64.1,20.7
2015-06-03T20:51:00,67.1,15.7,32.0,19.0,63.8,20.7
2015-06-03T20:52:00,67.2,15.7,32.0,19.0,63.6,20.8
2015-06-03T20:53:00,67.2,15.6,32.0,19.0,63.5,20.9
2015-06-03T20:54:00,67.3,15.6,32.0,19.0,63.3,20.9
2015-06-03T20:55:00,67.2,15.7,32.0,19.0,63.1,20.9
2015-06-03T20:56:00,67.3,15.7,32.0,19.0,63.1,20.9
2015-06-03T20:57:00,67.2,15.7,32.0,19.0,63.4,20.8
2015-06-03T20:58:00,67.4,15.7,32.0,19.0,63.4,20.8
2015-06-03T20:59:00,67.2,15.7,32.0,19.0,63.5,20.8
2015-06-03T21:00:00,67.4,15.6,33.0,18.0,63.4,20.8
2015-06-03T21:01:00,67.3,15.6,32.0,19.0,63.7,20.7
2015-06-03T21:02:00,67.7,15.5,32.0,19.0,63.6,20.6
2015-06-03T21:03:00,67.8,15.5,32.0,19.0,63.5,20.6
2015-06-03T21:04:00,68.2,15.5,32.0,19.0,63.9,20.6
2015-06-03T21:05:00,68.2,15.4,32.0,19.0,64.0,20.6
2015-06-03T21:06:00,68.0,15.5,32.0,19.0,63.9,20.7
2015-06-03T21:07:00,67.7,15.6,32.0,19.0,63.7,20.7
2015-06-03T21:08:00,68.2,15.5,32.0,19.0,63.6,20.6
2015-06-03T21:09:00,68.0,15.5,32.0,19.0,63.7,20.6
2015-06-03T21:10:00,68.3,15.5,32.0,19.0,63.9,20.6
2015-06-03T21:11:00,68.2,15.5,32.0,19.0,64.0,20.5
2015-06-03T21:12:00,67.8,15.5,32.0,19.0,64.3,20.5
2015-06-03T21:13:00,67.9,15.5,32.0,19.0,64.3,20.5
2015-06-03T21:14:00,67.8,15.6,33.0,18.0,64.1,20.4
2015-06-03T21:15:00,67.7,15.6,32.0,19.0,64.3,20.5
2015-06-03T21:16:00,67.8,15.5,32.0,19.0,64.1,20.5
2015-06-03T21:17:00,67.7,15.5,32.0,19.0,63.8,20.5
2015-06-03T21:18:00,68.3,15.4,32.0,19.0,63.9,20.5
2015-06-03T21:19:00,68.7,15.3,32.0,19.0,63.9,20.5
2015-06-03T21:20:00,68.8,15.2,32.0,19.0,63.8,20.5
2015-06-03T21:21:00,68.6,15.2,32.0,19.0,64.0,20.5
2015-06-03T21:22:00,68.2,15.4,32.0,19.0,63.9,20.5
2015-06-03T21:23:00,67.9,15.4,32.0,19.0,64.0,20.5
2015-06-03T21:24:00,67.8,15.4,32.0,19.0,64.2,20.5
2015-06-03T21:25:00,67.7,15.5,33.0,18.0,64.0,20.5
2015-06-03T21:26:00,68.0,15.4,33.0,18.0,64.2,20.5
2015-06-03T21:27:00,68.2,15.3,32.0,19.0,64.2,20.5
2015-06-03T21:28:00,68.4,15.3,32.0,19.0,64.0,20.6
2015-06-03T21:29:00,68.2,15.4,32.0,19.0,63.9,20.7
2015-06-03T21:30:00,68.5,15.3,32.0,19.0,63.6,20.6
2015-06-03T21:31:00,68.9,15.2,32.0,19.0,63.7,20.6
2015-06-03T21:32:00,69.0,15.2,32.0,19.0,63.5,20.6
2015-06-03T21:33:00,69.0,15.3,32.0,19.0,63.8,20.6
2015-06-03T21:34:00,68.8,15.3,32.0,19.0,63.8,20.6
2015-06-03T21:35:00,69.0,15.3,32.0,19.0,64.0,20.5
2015-06-03T21:36:00,68.8,15.4,32.0,19.0,64.1,20.5
2015-06-03T21:37:00,68.5,15.4,32.0,19.0,64.0,20.5
2015-06-03T21:38:00,68.4,15.4,32.0,19.0,64.1,20.5
2015-06-03T21:39:00,68.4,15.4,32.0,19.0,64.2,20.5
2015-06-03T21:40:00,68.5,15.4,32.0,19.0,64.0,20.6
2015-06-03T21:41:00,68.7,15.3,32.0,19.0,64.0,20.6
2015-06-03T21:42:00,68.7,15.3,32.0,19.0,63.8,20.6
2015-06-03T21:43:00,68.9,15.3,32.0,19.0,63.9,20.7
2015-06-03T21:44:00,68.9,15.3,32.0,19.0,63.8,20.7
2015-06-03T21:45:00,68.9,15.3,32.0,19.0,63.8,20.6
2015-06-03T21:46:00,68.9,15.3,32.0,19.0,63.9,20.6
2015-06-03T21:47:00,68.8,15.3,33.0,18.0,63.7,20.5
2015-06-03T21:48:00,68.7,15.3,32.0,19.0,64.0,20.6
2015-06-03T21:49:00,68.8,15.3,33.0,18.0,64.2,20.6
2015-06-03T21:50:00,69.2,15.1,32.0,19.0,63.9,20.5
2015-06-03T21:51:00,69.7,15.1,33.0,18.0,64.4,20.5
2015-06-03T21:52:00,69.4,15.1,32.0,19.0,64.3,20.5
2015-06-03T21:53:00,69.4,15.2,32.0,19.0,64.1,20.5
2015-06-03T21:54:00,69.3,15.1,32.0,19.0,64.0,20.6
2015-06-03T21:55:00,69.3,15.2,32.0,19.0,63.8,20.6
2015-06-03T21:56:00,69.1,15.2,32.0,19.0,63.9,20.5
2015-06-03T21:57:00,69.7,15.0,32.0,19.0,63.9,20.5
2015-06-03T21:58:00,69.9,14.9,32.0,19.0,64.2,20.5
2015-06-03T21:59:00,70.4,14.8,33.0,18.0,64.0,20.5
2015-06-03T22:00:00,70.7,14.7,33.0,18.0,64.2,20.5
2015-06-03T22:01:00,70.9,14.7,33.0,18.0,64.2,20.4
2015-06-03T22:02:00,70.5,14.8,33.0,18.0,64.2,20.4
2015-06-03T22:03:00,70.2,14.9,32.0,19.0,64.3,20.4
2015-06-03T22:04:00,69.8,15.1,32.0,19.0,64.4,20.5
2015-06-03T22:05:00,69.3,15.2,32.0,19.0,64.3,20.4
2015-06-03T22:06:00,69.2,15.1,32.0,19.0,64.3,20.5
2015-06-03T22:07:00,69.2,15.1,32.0,19.0,64.3,20.5
2015-06-03T22:08:00,69.1,15.2,33.0,18.0,64.3,20.5
2015-06-03T22:09:00,69.2,15.2,32.0,19.0,64.3,20.5
2015-06-03T22:10:00,69.2,15.2,32.0,19.0,64.2,20.4
2015-06-03T22:11:00,69.2,15.2,32.0,19.0,64.0,20.4
2015-06-03T22:12:00,69.0,15.3,32.0,19.0,64.2,20.4
2015-06-03T22:13:00,69.0,15.3,33.0,18.0,64.4,20.4
2015-06-03T22:14:00,69.0,15.3,33.0,18.0,64.5,20.3
2015-06-03T22:15:00,69.1,15.3,32.0,19.0,64.5,20.4
2015-06-03T22:16:00,69.3,15.3,32.0,19.0,64.4,20.4
2015-06-03T22:17:00,69.3,15.3,32.0,19.0,64.1,20.4
2015-06-03T22:18:00,69.3,15.3,32.0,19.0,64.0,20.4
2015-06-03T22:19:00,69.4,15.3,32.0,19.0,64.3,20.4
2015-06-03T22:20:00,69.4,15.3,32.0,19.0,64.3,20.4
2015-06-03T22:21:00,69.4,15.2,32.0,19.0,64.2,20.4
2015-06-03T22:22:00,69.5,15.3,32.0,19.0,64.3,20.4
2015-06-03T22:23:00,69.3,15.2,33.0,18.0,64.3,20.4
2015-06-03T22:24:00,69.3,15.3,32.0,19.0,64.3,20.4
2015-06-03T22:25:00,69.4,15.2,33.0,18.0,64.5,20.3
2015-06-03T22:26:00,69.4,15.2,32.0,19.0,64.4,20.4
2015-06-03T22:27:00,69.4,15.2,33.0,18.0,64.4,20.4
2015-06-03T22:28:00,69.5,15.2,32.0,19.0,64.2,20.4
2015-06-03T22:29:00,69.6,15.1,33.0,18.0,64.2,20.4
2015-06-03T22:30:00,69.5,15.2,32.0,19.0,64.1,20.4
2015-06-03T22:31:00,69.5,15.2,32.0,19.0,64.3,20.4
2015-06-03T22:32:00,69.4,15.2,32.0,19.0,64.2,20.4
2015-06-03T22:33:00,69.3,15.2,33.0,18.0,64.4,20.3
2015-06-03T22:34:00,69.3,15.2,33.0,18.0,64.4,20.3
2015-06-03T22:35:00,69.1,15.2,33.0,18.0,64.5,20.3
2015-06-03T22:36:00,69.2,15.2,33.0,18.0,64.5,20.3
2015-06-03T22:37:00,69.4,15.1,33.0,18.0,64.4,20.4
2015-06-03T22:38:00,69.3,15.2,32.0,19.0,64.3,20.4
2015-06-03T22:39:00,69.1,15.2,33.0,18.0,64.1,20.4
2015-06-03T22:40:00,69.0,15.2,32.0,19.0,64.0,20.4
2015-06-03T22:41:00,69.6,15.1,32.0,19.0,64.2,20.4
2015-06-03T22:42:00,69.5,15.1,33.0,18.0,64.1,20.4
2015-06-03T22:43:00,69.3,15.1,33.0,18.0,64.0,20.4
2015-06-03T22:44:00,69.2,15.1,33.0,18.0,64.0,20.4
2015-06-03T22:45:00,69.1,15.1,32.0,19.0,64.1,20.4
2015-06-03T22:46:00,69.2,15.1,33.0,18.0,64.2,20.4
2015-06-03T22:47:00,69.1,15.1,32.0,19.0,64.2,20.4
2015-06-03T22:48:00,69.1,15.2,32.0,19.0,64.2,20.4
2015-06-03T22:49:00,69.0,15.1,32.0,19.0,64.2,20.5
2015-06-03T22:50:00,69.2,15.1,32.0,19.0,64.0,20.5
2015-06-03T22:51:00,69.1,15.1,32.0,19.0,63.8,20.5
2015-06-03T22:52:00,69.0,15.1,32.0,19.0,63.8,20.5
2015-06-03T22:53:00,69.3,15.1,33.0,18.0,63.9,20.4
2015-06-03T22:54:00,69.2,15.1,33.0,18.0,63.9,20.4
2015-06-03T22:55:00,69.1,15.1,33.0,18.0,64.0,20.4
2015-06-03T22:56:00,69.0,15.2,32.0,19.0,64.1,20.4
2015-06-03T22:57:00,69.3,15.1,32.0,19.0,64.1,20.3
2015-06-03T22:58:00,69.5,15.0,33.0,18.0,64.3,20.3
2015-06-03T22:59:00,69.5,15.0,33.0,18.0,64.4,20.3
2015-06-03T23:00:00,69.4,15.0,32.0,19.0,64.4,20.3
2015-06-03T23:01:00,69.6,15.0,33.0,18.0,64.3,20.3
2015-06-03T23:02:00,69.8,15.0,33.0,18.0,64.4,20.3
2015-06-03T23:03:00,69.6,15.0,33.0,18.0,64.3,20.3
2015-06-03T23:04:00,69.8,15.1,32.0,19.0,64.2,20.3
2015-06-03T23:05:00,69.7,15.1,33.0,18.0,64.3,20.3
2015-06-03T23:06:00,69.6,15.1,33.0,18.0,64.4,20.3
2015-06-03T23:07:00,69.5,15.1,32.0,19.0,64.5,20.3
2015-06-03T23:08:00,69.8,15.0,33.0,18.0,64.5,20.3
2015-06-03T23:09:00,69.9,15.0,33.0,18.0,64.3,20.2
2015-06-03T23:10:00,69.8,15.1,33.0,18.0,64.5,20.2
2015-06-03T23:11:00,69.6,15.1,33.0,18.0,64.5,20.3
2015-06-03T23:12:00,69.7,15.1,32.0,19.0,64.5,20.3
2015-06-03T23:13:00,69.8,15.1,32.0,19.0,64.3,20.3
2015-06-03T23:14:00,69.8,15.1,33.0,18.0,64.3,20.3
2015-06-03T23:15:00,69.8,15.1,32.0,19.0,64.3,20.3
2015-06-03T23:16:00,70.0,15.1,33.0,18.0,64.2,20.3
2015-06-03T23:17:00,70.0,15.1,33.0,18.0,64.3,20.3
2015-06-03T23:18:00,70.0,15.1,33.0,18.0,64.5,20.3
2015-06-03T23:19:00,70.0,15.0,33.0,18.0,64.4,20.3
2015-06-03T23:20:00,70.1,15.0,33.0,18.0,64.5,20.3
2015-06-03T23:21:00,70.2,15.0,33.0,18.0,64.6,20.3
2015-06-03T23:22:00,70.3,15.0,32.0,19.0,64.4,20.3
2015-06-03T23:23:00,70.4,15.0,32.0,19.0,64.3,20.4
2015-06-03T23:24:00,70.5,15.0,32.0,19.0,64.0,20.4
2015-06-03T23:25:00,70.4,15.0,33.0,18.0,64.0,20.4
2015-06-03T23:26:00,70.5,14.9,32.0,19.0,63.9,20.4
2015-06-03T23:27:00,70.5,14.9,32.0,19.0,63.9,20.4
2015-06-03T23:28:00,70.4,14.9,33.0,18.0,64.0,20.4
2015-06-03T23:29:00,70.4,15.0,33.0,18.0,64.1,20.4
2015-06-03T23:30:00,70.3,14.9,32.0,19.0,64.0,20.4
2015-06-03T23:31:00,70.1,14.9,33.0,18.0,64.1,20.4
2015-06-03T23:32:00,70.2,14.9,32.0,19.0,64.2,20.4
2015-06-03T23:33:00,70.1,14.9,32.0,19.0,64.1,20.4
2015-06-03T23:34:00,70.0,14.9,32.0,19.0,64.0,20.4
2015-06-03T23:35:00,69.8,14.9,32.0,19.0,63.9,20.5
2015-06-03T23:36:00,69.6,14.9,32.0,19.0,63.8,20.5
2015-06-03T23:37:00,69.5,14.9,33.0,18.0,63.8,20.5
2015-06-03T23:38:00,69.6,14.9,32.0,19.0,63.7,20.4
2015-06-03T23:39:00,69.6,14.9,32.0,19.0,63.8,20.4
2015-06-03T23:40:00,69.5,14.9,33.0,18.0,63.8,20.4
2015-06-03T23:41:00,69.6,14.9,33.0,18.0,64.0,20.4
2015-06-03T23:42:00,69.6,14.9,32.0,19.0,64.0,20.4
2015-06-03T23:43:00,69.5,14.8,33.0,18.0,63.9,20.4
2015-06-03T23:44:00,69.7,14.9,33.0,18.0,64.0,20.4
2015-06-03T23:45:00,69.4,14.8,32.0,19.0,64.0,20.4
2015-06-03T23:46:00,69.8,14.8,32.0,19.0,64.0,20.4
2015-06-03T23:47:00,69.7,14.8,32.0,19.0,63.9,20.4
2015-06-03T23:48:00,70.0,14.8,33.0,18.0,63.6,20.4
2015-06-03T23:49:00,70.0,14.7,33.0,18.0,63.7,20.4
2015-06-03T23:50:00,69.9,14.8,33.0,18.0,63.8,20.4
2015-06-03T23:51:00,69.9,14.8,33.0,18.0,64.0,20.3
2015-06-03T23:52:00,69.9,14.8,33.0,18.0,64.0,20.3
2015-06-03T23:53:00,70.0,14.8,33.0,18.0,64.2,20.3
2015-06-03T23:54:00,69.9,14.8,33.0,18.0,64.1,20.2
2015-06-03T23:55:00,69.9,14.8,33.0,18.0,64.3,20.2
2015-06-03T23:56:00,69.9,14.8,32.0,19.0,64.5,20.3
2015-06-03T23:57:00,69.9,14.8,32.0,19.0,64.4,20.3
2015-06-03T23:58:00,69.9,14.8,33.0,18.0,64.2,20.3
2015-06-03T23:59:00,70.1,14.7,33.0,18.0,64.2,20.3
